class,name,coverage,polarity,failed,border_std
20%,citra1.jpg,0.6014030612244898,dark,False,45.34698446312469
20%,citra10.jpg,0.45473931760204084,dark,False,32.464414131889
20%,citra100.jpg,0.5735610650510204,dark,False,21.609904329186254
20%,citra11.jpg,0.4591039540816326,dark,False,32.399119667477784
20%,citra12.jpg,0.46787308673469385,dark,False,32.33855856024979
20%,citra13.jpg,0.5743383290816326,dark,False,21.59484506097395
20%,citra14.jpg,0.5742785395408163,dark,False,21.506412857796377
20%,citra15.jpg,0.5747967155612245,dark,False,21.456380766638336
20%,citra16.jpg,0.47048389668367346,dark,False,33.01172349309041
20%,citra17.jpg,0.4557955994897959,dark,False,32.85123795466443
20%,citra18.jpg,0.44473453443877553,dark,False,32.687269030290395
20%,citra19.jpg,0.45107222576530615,dark,False,32.59132162484831
20%,citra2.jpg,0.6014030612244898,dark,False,45.20664409181149
20%,citra20.jpg,0.4292490433673469,dark,False,37.60339367389341
20%,citra21.png,0.31742267219387754,bright,False,45.48913192673124
20%,citra22.jpg,0.48204320790816324,dark,False,48.335947427550856
20%,citra23.jpg,0.4850326849489796,dark,False,48.31906494319037
20%,citra24.jpg,0.48694595025510207,dark,False,48.3093880383864
20%,citra25.png,0.31174266581632654,bright,False,45.48913192673129
20%,citra26.png,0.31180245535714285,bright,False,45.490365173547254
20%,citra27.png,0.3136360012755102,bright,False,45.48913192673152
20%,citra28.png,0.316226881377551,bright,False,45.490365173548646
20%,citra29.jpg,0.41001674107142855,dark,False,34.74659124504686
20%,citra3.jpg,0.6016023596938775,dark,False,45.1478758367221
20%,citra30.jpg,0.4127869897959184,dark,False,34.689898501367004
20%,citra31.jpg,0.4129663584183674,dark,False,34.66525776134905
20%,citra32.jpg,0.4152782206632653,dark,False,34.63442497406935
20%,citra33.jpg,0.4171117665816326,dark,False,34.62162471667785
20%,citra34.jpg,0.4203404017857143,dark,False,34.58345100215441
20%,citra35.jpg,0.4146006058673469,dark,False,34.50664447162209
20%,citra36.jpg,0.41751036352040816,dark,False,34.46365489069637
20%,citra37.jpg,0.46482382015306123,dark,False,48.644926127345066
20%,citra38.jpg,0.48012994260204084,dark,False,48.553533966431324
20%,citra39.jpg,0.48497289540816324,dark,False,48.453783514652166
20%,citra4.jpg,0.6016422193877551,dark,False,45.080960271841526
20%,citra40.jpg,0.48571029974489793,dark,False,48.39933607285048
20%,citra41.jpg,0.40401785714285715,dark,False,33.647386647875656
20%,citra42.jpg,0.41075414540816324,dark,False,33.56659809928116
20%,citra43.jpg,0.4072863520408163,dark,False,33.52842924660853
20%,citra44.jpg,0.4114516900510204,dark,False,33.45048873080676
20%,citra45.jpg,0.4071667729591837,dark,False,33.46597304867444
20%,citra46.jpg,0.4112523915816326,dark,False,33.47982808711733
20%,citra47.jpg,0.40465561224489793,dark,False,33.4423159940607
20%,citra48.jpg,0.40724649234693877,dark,False,33.400721781501126
20%,citra49.jpg,0.5509606186224489,dark,False,39.335247547882105
20%,citra5.jpg,0.6013632015306123,dark,False,45.07365401554998
20%,citra50.jpg,0.5514389349489796,dark,False,39.27001354615083
20%,citra51.jpg,0.5516382334183674,dark,False,39.201551976637425
20%,citra52.jpg,0.550163424744898,dark,False,39.18602885588867
20%,citra53.jpg,0.5509008290816326,dark,False,39.188439731417674
20%,citra54.jpg,0.5503427933673469,dark,False,39.157884206329165
20%,citra55.jpg,0.5503029336734694,dark,False,39.143502938865716
20%,citra56.jpg,0.5511001275510204,dark,False,39.12494408330219
20%,citra57.jpg,0.5505022321428571,dark,False,39.130135756809416
20%,citra58.jpg,0.43026546556122447,dark,False,24.5784046102775
20%,citra59.jpg,0.4315609056122449,dark,False,24.51378190617301
20%,citra6.jpg,0.6016820790816326,dark,False,45.0540475949117
20%,citra60.jpg,0.43191964285714285,dark,False,24.48942901069817
20%,citra61.jpg,0.4307836415816326,dark,False,24.43339370988639
20%,citra62.jpg,0.4306640625,dark,False,24.406988937302582
20%,citra63.jpg,0.4307437818877551,dark,False,24.401337244035204
20%,citra64.jpg,0.43106265943877553,dark,False,24.347744514997007
20%,citra65.jpg,0.5066167091836735,dark,False,28.438873445252852
20%,citra66.jpg,0.5064971301020408,dark,False,28.352964973468815
20%,citra67.jpg,0.5064373405612245,dark,False,28.352445842153305
20%,citra68.jpg,0.5059988839285714,dark,False,28.32649993832327
20%,citra69.jpg,0.5067562181122449,dark,False,28.40503422969765
20%,citra7.jpg,0.4641860650510204,dark,False,48.69267365159171
20%,citra70.jpg,0.5054009885204082,dark,False,28.404298078346716
20%,citra71.jpg,0.5060985331632653,dark,False,28.379820620501707
20%,citra72.jpg,0.5054408482142857,dark,False,28.40728517226832
20%,citra73.jpg,0.4939811862244898,dark,False,37.35492480635707
20%,citra74.jpg,0.4943997130102041,dark,False,37.39250603925332
20%,citra75.jpg,0.49412069515306123,dark,False,37.4622433847177
20%,citra76.jpg,0.49433992346938777,dark,False,37.43214623301431
20%,citra77.jpg,0.4956154336734694,dark,False,37.44187838243494
20%,citra78.jpg,0.4935825892857143,dark,False,37.44646679674627
20%,citra79.jpg,0.49465880102040816,dark,False,37.49549804311007
20%,citra8.jpg,0.6016621492346939,dark,False,44.91819790533134
20%,citra80.jpg,0.4934829400510204,dark,False,37.46062893610789
20%,citra81.jpg,0.4440967793367347,dark,False,47.87118208791691
20%,citra82.jpg,0.4430604272959184,dark,False,47.80885268611951
20%,citra83.jpg,0.44314014668367346,dark,False,47.79089658220372
20%,citra84.jpg,0.4444953762755102,dark,False,47.75325113390363
20%,citra85.jpg,0.44569116709183676,dark,False,47.74948827884187
20%,citra86.jpg,0.44298070790816324,dark,False,47.74840192609014
20%,citra87.jpg,0.4439174107142857,dark,False,47.70346696080205
20%,citra88.jpg,0.4452327806122449,dark,False,47.671594010682234
20%,citra89.jpg,0.6916852678571429,dark,False,60.572990863520054
20%,citra9.jpg,0.45290577168367346,dark,False,32.56952233308969
20%,citra90.jpg,0.6919642857142857,dark,False,60.47477925803068
20%,citra91.jpg,0.6923230229591837,dark,False,60.38975931750969
20%,citra92.jpg,0.6917849170918368,dark,False,60.317361509983776
20%,citra93.jpg,0.6929209183673469,dark,False,60.25137425822502
20%,citra94.jpg,0.6923030931122449,dark,False,60.18444526773002
20%,citra95.jpg,0.6926219706632653,dark,False,60.11606700469418
20%,citra96.jpg,0.5744778380102041,dark,False,21.70847993329636
20%,citra97.jpg,0.5736407844387755,dark,False,21.648467850436244
20%,citra98.jpg,0.5742785395408163,dark,False,21.684402621535998
20%,citra99.jpg,0.5735411352040817,dark,False,21.64443666783541
40%,citra1.jpg,0.6732302295918368,dark,False,32.79541504310914
40%,citra10.jpg,0.5455197704081632,dark,False,25.916296020888485
40%,citra100.jpg,0.6847895408163265,dark,False,34.196007609888554
40%,citra11.jpg,0.5445432079081632,dark,False,25.85043438604977
40%,citra12.jpg,0.5461176658163265,dark,False,25.769637404202058
40%,citra13.jpg,0.5477319834183674,dark,False,25.75869135832565
40%,citra14.jpg,0.5433872767857143,dark,False,25.70977143131159
40%,citra15.jpg,0.5443239795918368,dark,False,25.62831765696998
40%,citra16.jpg,0.5478914221938775,dark,False,25.580084241302046
40%,citra17.jpg,0.6725924744897959,dark,False,32.716445271806386
40%,citra18.jpg,0.6731903698979592,dark,False,32.63582468398969
40%,citra19.jpg,0.6843510841836735,dark,False,34.65830852266776
40%,citra2.jpg,0.6725924744897959,dark,False,32.716445271806386
40%,citra20.jpg,0.6844507334183674,dark,False,34.542013276590744
40%,citra21.jpg,0.6839325573979592,dark,False,34.419086594603336
40%,citra22.jpg,0.6839724170918368,dark,False,34.3640619640874
40%,citra23.jpg,0.6845304528061225,dark,False,34.2792553512378
40%,citra24.jpg,0.6847895408163265,dark,False,34.196007609888554
40%,citra25.jpg,0.6837930484693877,dark,False,34.158237482141324
40%,citra26.jpg,0.6838727678571429,dark,False,34.19003557013041
40%,citra27.jpg,0.6838129783163265,dark,False,34.15806964088842
40%,citra28.jpg,0.45151068239795916,dark,False,7.261383390246146
40%,citra29.jpg,0.4424625318877551,dark,False,7.225465108307579
40%,citra3.jpg,0.6731903698979592,dark,False,32.63582468398969
40%,citra30.jpg,0.4099170918367347,dark,False,7.159616095176702
40%,citra31.jpg,0.4458506058673469,dark,False,7.1438247202624785
40%,citra32.jpg,0.45029496173469385,dark,False,7.15813687774263
40%,citra33.jpg,0.44411670918367346,dark,False,7.144438287299844
40%,citra34.jpg,0.4452327806122449,dark,False,7.0966254808411575
40%,citra35.jpg,0.4561742665816326,dark,False,7.095515436757328
40%,citra36.jpg,0.5007971938775511,dark,False,47.12697656616194
40%,citra37.jpg,0.5036471619897959,dark,False,47.01059514807051
40%,citra38.jpg,0.4967713647959184,dark,False,46.90895695259375
40%,citra39.jpg,0.5334622130102041,dark,False,46.83237802356033
40%,citra4.jpg,0.6746253188775511,dark,False,32.562848457362314
40%,citra40.jpg,0.532585299744898,dark,False,46.78005910283276
40%,citra41.jpg,0.4986049107142857,dark,False,46.728378571500194
40%,citra42.jpg,0.495914381377551,dark,False,46.6670410513822
40%,citra43.jpg,0.5033482142857143,dark,False,46.61006720534749
40%,citra44.jpg,0.5797393176020408,dark,False,55.43572949401161
40%,citra45.jpg,0.5719666772959183,dark,False,55.256001475963586
40%,citra46.jpg,0.5704121492346939,dark,False,55.113250648566755
40%,citra47.jpg,0.5782844387755102,dark,False,55.00383609433857
40%,citra48.jpg,0.5712292729591837,dark,False,54.929998570200034
40%,citra49.jpg,0.5728037308673469,dark,False,54.83786181457663
40%,citra5.jpg,0.6733697385204082,dark,False,32.533167869713715
40%,citra50.jpg,0.5654894770408163,dark,False,54.78429972017043
40%,citra51.jpg,0.5700733418367347,dark,False,54.738101717411915
40%,citra52.jpg,0.45200892857142855,dark,False,45.449256058997015
40%,citra53.jpg,0.4479233099489796,dark,False,45.34980441120067
40%,citra54.jpg,0.4473453443877551,dark,False,45.27602892930718
40%,citra55.jpg,0.45224808673469385,dark,False,45.22221487562939
40%,citra56.jpg,0.4512914540816326,dark,False,45.19056183221855
40%,citra57.jpg,0.4483019770408163,dark,False,45.1598569680314
40%,citra58.jpg,0.4507533482142857,dark,False,45.1212664844195
40%,citra59.jpg,0.44804288903061223,dark,False,45.08093651678386
40%,citra6.jpg,0.6746651785714286,dark,False,32.48036655088287
40%,citra60.jpg,0.6965481505102041,dark,False,46.578269301618604
40%,citra61.jpg,0.6966278698979592,dark,False,46.44228621408001
40%,citra62.jpg,0.6967275191326531,dark,False,46.3234260755132
40%,citra63.jpg,0.6970862563775511,dark,False,46.239497587161374
40%,citra64.jpg,0.6967275191326531,dark,False,46.17774961017407
40%,citra65.jpg,0.6969268176020408,dark,False,46.15186910167778
40%,citra66.jpg,0.6963089923469388,dark,False,46.11892917923947
40%,citra67.jpg,0.6968271683673469,dark,False,46.073612821451796
40%,citra68.jpg,0.31116470025510207,dark,False,12.139627062428163
40%,citra69.jpg,0.3009008290816326,dark,False,12.1154518709484
40%,citra7.jpg,0.6746053890306123,dark,False,32.41438029711869
40%,citra70.jpg,0.3059829400510204,dark,False,12.093052267439319
40%,citra71.jpg,0.308414381377551,dark,False,12.064303141841172
40%,citra72.jpg,0.3081752232142857,dark,False,12.041574709110238
40%,citra73.jpg,0.3103874362244898,dark,False,12.039528157380216
40%,citra74.jpg,0.308414381377551,dark,False,12.037232473233844
40%,citra75.jpg,0.30430883290816324,dark,False,12.01995187913829
40%,citra76.jpg,0.29390545280612246,dark,False,12.009413238776384
40%,citra77.jpg,0.5761120854591837,dark,False,5.424907839611154
40%,citra78.jpg,0.5761918048469388,dark,False,5.467741267532144
40%,citra79.jpg,0.5766103316326531,dark,False,5.563722237683078
40%,citra8.jpg,0.6750039859693877,dark,False,32.34491823891138
40%,citra80.jpg,0.5776466836734694,dark,False,5.622168094493013
40%,citra81.jpg,0.5768494897959183,dark,False,5.642754211946517
40%,citra82.jpg,0.5770687181122449,dark,False,5.684308401446301
40%,citra83.jpg,0.5777264030612245,dark,False,5.674646294664284
40%,citra84.jpg,0.5773875956632653,dark,False,5.686990205741356
40%,citra85.jpg,0.548469387755102,dark,False,43.62705883389031
40%,citra86.jpg,0.5458386479591837,dark,False,43.458349902899975
40%,citra87.jpg,0.5430683992346939,dark,False,43.35750029152356
40%,citra88.jpg,0.5450813137755102,dark,False,43.223949168144024
40%,citra89.jpg,0.5450215242346939,dark,False,43.20396559860226
40%,citra9.jpg,0.5470543686224489,dark,False,25.98748524397679
40%,citra90.jpg,0.5461176658163265,dark,False,43.109247101653345
40%,citra91.jpg,0.5457190688775511,dark,False,42.975388509059854
40%,citra92.jpg,0.5476721938775511,dark,False,42.93871304608621
40%,citra93.jpg,0.5490473533163265,dark,False,42.951776939092014
40%,citra94.jpg,0.5476921237244898,dark,False,42.903133000171664
40%,citra95.jpg,0.6746253188775511,dark,False,32.562848457362314
40%,citra96.jpg,0.6732302295918368,dark,False,32.79541504310914
40%,citra97.jpg,0.6839325573979592,dark,False,34.419086594603336
40%,citra98.jpg,0.6839724170918368,dark,False,34.3640619640874
40%,citra99.jpg,0.6845304528061225,dark,False,34.2792553512378
60%,citra1.jpg,0.3994140625,dark,False,32.21572318716256
60%,citra10.jpg,0.5845025510204082,dark,False,41.61412174849924
60%,citra100.jpg,0.7172751913265306,dark,False,50.29949854005241
60%,citra11.jpg,0.5852000956632653,dark,False,41.55220581687373
60%,citra12.jpg,0.5830875318877551,dark,False,41.531928993281305
60%,citra13.jpg,0.5831672512755102,dark,False,41.51031773393613
60%,citra14.jpg,0.5822504783163265,dark,False,41.46428904872138
60%,citra15.jpg,0.5839046556122449,dark,False,41.44561525814535
60%,citra16.jpg,0.5841637436224489,dark,False,41.41629333611733
60%,citra17.jpg,0.2866310586734694,dark,False,40.83228274509025
60%,citra18.jpg,0.2846779336734694,dark,False,40.62460464969157
60%,citra19.jpg,0.2806919642857143,dark,False,40.45477926546008
60%,citra2.jpg,0.3979990433673469,dark,False,32.21149771632012
60%,citra20.jpg,0.289241868622449,dark,False,40.328115144892934
60%,citra21.jpg,0.2928491709183674,dark,False,40.23589241673917
60%,citra22.jpg,0.28762755102040816,dark,False,40.15893573615807
60%,citra23.jpg,0.2975326849489796,dark,False,40.074210237597846
60%,citra24.jpg,0.28396045918367346,dark,False,40.00171538034031
60%,citra25.jpg,0.6723533163265306,dark,False,31.185432013926455
60%,citra26.jpg,0.6447903380102041,dark,False,31.052217309946357
60%,citra27.jpg,0.6439931441326531,dark,False,31.01042413560127
60%,citra28.jpg,0.6461057079081632,dark,False,31.01797853395567
60%,citra29.jpg,0.6564692283163265,dark,False,31.058427262831586
60%,citra3.jpg,0.3950095663265306,dark,False,32.227305618795185
60%,citra30.jpg,0.6438536352040817,dark,False,30.984873776392988
60%,citra31.jpg,0.6425183354591837,dark,False,30.968315844753874
60%,citra32.jpg,0.6446109693877551,dark,False,30.974320608541785
60%,citra33.jpg,0.5120974170918368,dark,False,23.700844295497877
60%,citra34.jpg,0.5110411352040817,dark,False,23.62224968431923
60%,citra35.jpg,0.5101642219387755,dark,False,23.57462166287205
60%,citra36.jpg,0.5113002232142857,dark,False,23.50831757326255
60%,citra37.jpg,0.5087093431122449,dark,False,23.493517880992716
60%,citra38.jpg,0.5108617665816326,dark,False,23.470063525185655
60%,citra39.jpg,0.5086694834183674,dark,False,23.46830246976981
60%,citra4.jpg,0.39907525510204084,dark,False,32.22119808144718
60%,citra40.jpg,0.5098652742346939,dark,False,23.42985469846759
60%,citra41.jpg,0.5744778380102041,dark,False,59.16727560967413
60%,citra42.jpg,0.5693359375,dark,False,59.01001807180805
60%,citra43.jpg,0.5704520089285714,dark,False,58.93761592111874
60%,citra44.jpg,0.5752949617346939,dark,False,58.77715132249542
60%,citra45.jpg,0.5752551020408163,dark,False,58.674948828502465
60%,citra46.jpg,0.5694953762755102,dark,False,58.610327814855104
60%,citra47.jpg,0.5694953762755102,dark,False,58.522277469413524
60%,citra48.jpg,0.5735411352040817,dark,False,58.442949828998906
60%,citra49.jpg,0.7815290178571429,dark,False,75.33963033231574
60%,citra5.jpg,0.4016661352040816,dark,False,32.22192622125416
60%,citra50.jpg,0.7813097895408163,dark,False,75.10728385184466
60%,citra51.jpg,0.7807118941326531,dark,False,74.92147598281768
60%,citra52.jpg,0.7824856505102041,dark,False,74.73830780442574
60%,citra53.jpg,0.7833027742346939,dark,False,74.67697166841886
60%,citra54.jpg,0.7830038265306123,dark,False,74.54330341845791
60%,citra55.jpg,0.7846380739795918,dark,False,74.46550380691697
60%,citra56.jpg,0.7859335140306123,dark,False,74.39017832857263
60%,citra57.jpg,0.2366669323979592,dark,False,46.646079285416214
60%,citra58.jpg,0.23927774234693877,dark,False,46.44307940246407
60%,citra59.jpg,0.2435626594387755,dark,False,46.232735840901434
60%,citra6.jpg,0.39710220025510207,dark,False,32.21774406523141
60%,citra60.jpg,0.23740433673469388,dark,False,46.151548522865944
60%,citra61.jpg,0.24296476403061223,dark,False,46.095248850789744
60%,citra62.jpg,0.23907844387755103,dark,False,45.96716392487681
60%,citra63.jpg,0.7129902742346939,dark,False,45.91638756553792
60%,citra64.jpg,0.2341358418367347,dark,False,45.84923953199742
60%,citra65.jpg,0.6701610331632653,dark,False,23.150056048287592
60%,citra66.jpg,0.6681879783163265,dark,False,23.051403334455696
60%,citra67.jpg,0.6682079081632653,dark,False,22.85102254596841
60%,citra68.jpg,0.66796875,dark,False,22.74787132031472
60%,citra69.jpg,0.4067482461734694,dark,False,56.22666398872341
60%,citra7.jpg,0.3980189732142857,dark,False,32.2153571848852
60%,citra70.jpg,0.4028220663265306,dark,False,55.9856402507473
60%,citra71.jpg,0.4037388392857143,dark,False,55.76773164991812
60%,citra72.jpg,0.4118104272959184,dark,False,55.58111192680434
60%,citra73.jpg,0.40634964923469385,dark,False,55.45479519113058
60%,citra74.jpg,0.3791454081632653,dark,False,55.42525885605284
60%,citra75.jpg,0.38217474489795916,dark,False,55.30799770548085
60%,citra76.jpg,0.38321109693877553,dark,False,55.27066041229492
60%,citra77.jpg,0.23020966198979592,dark,False,70.57295629557639
60%,citra78.jpg,0.2250079719387755,dark,False,70.40871851586365
60%,citra79.jpg,0.22409119897959184,dark,False,70.2860075654535
60%,citra8.jpg,0.40359933035714285,dark,False,32.22223681324535
60%,citra80.jpg,0.22971141581632654,dark,False,70.18501005481976
60%,citra81.jpg,0.2347735969387755,dark,False,70.10898356263131
60%,citra82.jpg,0.2250079719387755,dark,False,70.06721940939178
60%,citra83.jpg,0.22321428571428573,dark,False,69.98314636004488
60%,citra84.jpg,0.23415577168367346,dark,False,69.8907848769022
60%,citra85.jpg,0.42044005102040816,dark,False,47.068196099687235
60%,citra86.jpg,0.4125478316326531,dark,False,46.91448580916344
60%,citra87.jpg,0.40409757653061223,dark,False,46.79838767050713
60%,citra88.jpg,0.43680245535714285,dark,False,46.73706470605875
60%,citra89.jpg,0.4037587691326531,dark,False,46.6484498063975
60%,citra9.jpg,0.5854392538265306,dark,False,41.65124136234143
60%,citra90.jpg,0.35184151785714285,dark,False,46.57435076797024
60%,citra91.jpg,0.38803411989795916,dark,False,46.50961574957653
60%,citra92.jpg,0.3812779017857143,dark,False,46.36593462202043
60%,citra93.jpg,0.5481903698979592,dark,False,36.540570072811704
60%,citra94.jpg,0.5494658801020408,dark,False,36.479869124172986
60%,citra95.jpg,0.5505819515306123,dark,False,36.44594146791657
60%,citra96.jpg,0.5506616709183674,dark,False,36.416009254509554
60%,citra97.jpg,0.7180125956632653,dark,False,50.598882035921484
60%,citra98.jpg,0.7171755420918368,dark,False,50.446089286826314
60%,citra99.jpg,0.7171954719387755,dark,False,50.37330815026946
80%,citra1.jpg,0.2269013073979592,dark,False,30.130626730380015
80%,citra10.jpg,0.7044802295918368,dark,False,46.98869253370955
80%,citra100.jpg,0.7028061224489796,dark,False,55.65587853504315
80%,citra11.jpg,0.7052375637755102,dark,False,46.9773722362686
80%,citra12.jpg,0.7065927933673469,dark,False,46.957901746586344
80%,citra13.jpg,0.3369937818877551,dark,False,14.390642403941607
80%,citra14.jpg,0.33296795280612246,dark,False,14.374459741720718
80%,citra15.jpg,0.3426937181122449,dark,False,14.27531031209061
80%,citra16.jpg,0.3384486607142857,dark,False,14.234259803382335
80%,citra17.jpg,0.3408203125,dark,False,14.18063369585726
80%,citra18.jpg,0.33824936224489793,dark,False,14.147893252918836
80%,citra19.jpg,0.33950494260204084,dark,False,14.07477093904206
80%,citra2.jpg,0.21779336734693877,dark,False,30.146067205484574
80%,citra20.jpg,0.34225526147959184,dark,False,14.064499630178306
80%,citra21.jpg,0.49356265943877553,dark,False,70.14953755329094
80%,citra22.jpg,0.5006975446428571,dark,False,70.1268903107629
80%,citra23.jpg,0.4935825892857143,dark,False,70.1131388174781
80%,citra24.jpg,0.5083904655612245,dark,False,70.09913297292229
80%,citra25.jpg,0.503288424744898,dark,False,70.08099162602021
80%,citra26.jpg,0.504264987244898,dark,False,70.05987432732782
80%,citra27.jpg,0.4948780293367347,dark,False,70.04659661970392
80%,citra28.jpg,0.5156050701530612,dark,False,70.0284697214341
80%,citra29.jpg,0.19931839923469388,dark,False,20.708743934736788
80%,citra3.jpg,0.22082270408163265,dark,False,30.210095127183987
80%,citra30.jpg,0.20517777423469388,dark,False,20.555388342877965
80%,citra31.jpg,0.20079320790816327,dark,False,20.469991503281815
80%,citra32.jpg,0.2022082270408163,dark,False,20.37739499658227
80%,citra33.jpg,0.13261320153061223,dark,False,25.837436604405386
80%,citra34.jpg,0.13703762755102042,dark,False,25.797773819968455
80%,citra35.jpg,0.1347058354591837,dark,False,25.811204004455394
80%,citra36.jpg,0.13123804209183673,dark,False,25.77478715825704
80%,citra37.jpg,0.1318359375,dark,False,25.727886047787564
80%,citra38.jpg,0.1984016262755102,dark,False,20.33436766503476
80%,citra39.jpg,0.13215481505102042,dark,False,25.672108466683
80%,citra4.jpg,0.23264110331632654,dark,False,29.999878494636068
80%,citra40.jpg,0.13303172831632654,dark,False,25.66731748094399
80%,citra41.jpg,0.7030452806122449,dark,False,55.29084478981599
80%,citra42.jpg,0.6889748086734694,dark,False,55.25526929395358
80%,citra43.jpg,0.6907087053571429,dark,False,55.197145427124504
80%,citra44.jpg,0.6907286352040817,dark,False,55.15035062092678
80%,citra45.jpg,0.5898636798469388,dark,False,25.656060931438486
80%,citra46.jpg,0.5901825573979592,dark,False,25.639925994729253
80%,citra47.jpg,0.5908601721938775,dark,False,25.6262422881039
80%,citra48.jpg,0.5916573660714286,dark,False,25.64977029984135
80%,citra49.jpg,0.591796875,dark,False,25.648382674085923
80%,citra5.jpg,0.23292012117346939,dark,False,29.95305184767662
80%,citra50.jpg,0.5916972257653061,dark,False,25.644838596958447
80%,citra51.jpg,0.5913783482142857,dark,False,25.6238335741162
80%,citra52.jpg,0.5925342793367347,dark,False,25.61123575313445
80%,citra53.jpg,0.25779257015306123,dark,False,28.130764995446768
80%,citra54.jpg,0.2451969068877551,dark,False,28.051163383169634
80%,citra55.jpg,0.1874202806122449,dark,False,28.01122398230595
80%,citra56.jpg,0.1886360012755102,dark,False,27.97810710737966
80%,citra57.jpg,0.30221619897959184,dark,False,27.982629767910968
80%,citra58.jpg,0.18977200255102042,dark,False,27.898677601905817
80%,citra59.jpg,0.26070232780612246,dark,False,27.868738921605424
80%,citra6.jpg,0.22735969387755103,dark,False,29.86717186912057
80%,citra60.jpg,0.19939811862244897,dark,False,20.25077376305916
80%,citra61.jpg,0.19806281887755103,dark,False,20.20769763508528
80%,citra62.jpg,0.20163026147959184,dark,False,20.169615230463496
80%,citra63.jpg,0.5096859056122449,dark,False,40.887169189744704
80%,citra64.jpg,0.5206672512755102,dark,False,40.85340937828747
80%,citra65.jpg,0.5145288584183674,dark,False,40.846263449764784
80%,citra66.jpg,0.5191924426020408,dark,False,40.828161717050996
80%,citra67.jpg,0.5213448660714286,dark,False,40.823150692544296
80%,citra68.jpg,0.5026307397959183,dark,False,40.81889229264689
80%,citra69.jpg,0.521125637755102,dark,False,40.811843354684555
80%,citra7.jpg,0.22470902423469388,dark,False,29.88042276838533
80%,citra70.jpg,0.7059749681122449,dark,False,46.95024826166834
80%,citra71.jpg,0.706672512755102,dark,False,46.940459474772865
80%,citra72.jpg,0.7088847257653061,dark,False,46.9301212666638
80%,citra73.jpg,0.7075294961734694,dark,False,46.90775932359164
80%,citra74.jpg,0.5262675382653061,dark,False,40.7924742353302
80%,citra75.jpg,0.3986766581632653,dark,False,38.19172119272665
80%,citra76.jpg,0.3464405293367347,dark,False,38.120845362974855
80%,citra77.jpg,0.3151108099489796,dark,False,38.069745731498436
80%,citra78.jpg,0.31953523596938777,dark,False,38.04313795766831
80%,citra79.jpg,0.3190768494897959,dark,False,38.031550619540205
80%,citra8.jpg,0.23417570153061223,dark,False,29.855537531945462
80%,citra80.jpg,0.3143335459183674,dark,False,37.988574372052284
80%,citra81.jpg,0.3086535395408163,dark,False,37.94093080826795
80%,citra82.jpg,0.3082948022959184,dark,False,37.90862719444494
80%,citra83.jpg,0.6622887436224489,dark,False,30.44112185849598
80%,citra84.jpg,0.6636838329081632,dark,False,30.347672264407123
80%,citra85.jpg,0.6684869260204082,dark,False,30.320377737417378
80%,citra86.jpg,0.6708785076530612,dark,False,30.256715773168978
80%,citra87.jpg,0.6681680484693877,dark,False,30.264734114133276
80%,citra88.jpg,0.26401068239795916,dark,False,27.838276966072268
80%,citra89.jpg,0.6711575255102041,dark,False,30.24858618980787
80%,citra9.jpg,0.7054169323979592,dark,False,47.0106085096877
80%,citra90.jpg,0.6711575255102041,dark,False,30.221554979602143
80%,citra91.jpg,0.6729512117346939,dark,False,30.212443587432315
80%,citra92.jpg,0.7066127232142857,dark,False,28.265773217165314
80%,citra93.jpg,0.711296237244898,dark,False,28.147334957600517
80%,citra94.jpg,0.7085658482142857,dark,False,28.029862122546707
80%,citra95.jpg,0.39514907525510207,dark,False,27.96382198187706
80%,citra96.jpg,0.7174744897959183,dark,False,27.926851777871864
80%,citra97.jpg,0.701530612244898,dark,False,55.338665476142005
80%,citra98.jpg,0.6862244897959183,dark,False,55.42994696495972
80%,citra99.jpg,0.7002351721938775,dark,False,55.52723029257586
100%,citra1.jpeg,0.6697624362244898,dark,False,56.364351024667165
100%,citra10.jpg,0.5386838329081632,dark,False,88.73054879539984
100%,citra100.jpg,0.7171356823979592,dark,False,44.029838188340385
100%,citra11.jpg,0.6240035076530612,dark,False,62.10235256425572
100%,citra12.jpg,0.6261360012755102,dark,False,62.10851039025848
100%,citra13.jpg,0.625617825255102,dark,False,62.09172231215376
100%,citra14.jpg,0.6259964923469388,dark,False,62.0908439446718
100%,citra15.jpg,0.6242625956632653,dark,False,62.08873108221464
100%,citra16.jpg,0.6243423150510204,dark,False,62.08357126130121
100%,citra17.jpg,0.6260562818877551,dark,False,62.07566345556571
100%,citra18.jpg,0.20186941964285715,dark,False,20.337130011726206
100%,citra19.jpg,0.21520248724489796,dark,False,20.34787027823273
100%,citra2.jpeg,0.6702208227040817,dark,False,56.35906924130604
100%,citra20.jpg,0.19989636479591838,dark,False,20.348911142302505
100%,citra21.jpg,0.5554448341836735,dark,False,3.6265812632004235
100%,citra22.jpg,0.3110451211734694,dark,False,37.469508674082526
100%,citra23.jpg,0.3076769770408163,dark,False,37.416954158953025
100%,citra24.jpg,0.27720424107142855,dark,False,37.36569181420701
100%,citra25.jpg,0.3136360012755102,dark,False,37.30405149068497
100%,citra26.jpg,0.39522879464285715,dark,False,44.90062551133184
100%,citra27.jpg,0.3881736288265306,dark,False,44.79493278520408
100%,citra28.jpg,0.38789461096938777,dark,False,44.68462150356104
100%,citra29.jpg,0.39516900510204084,dark,False,44.58950585235193
100%,citra3.jpeg,0.6702407525510204,dark,False,56.35424330728219
100%,citra30.jpg,0.3936144770408163,dark,False,44.75489211719514
100%,citra31.jpg,0.3901267538265306,dark,False,44.661800993220965
100%,citra32.jpg,0.39317602040816324,dark,False,44.57501685799949
100%,citra33.jpg,0.39877630739795916,dark,False,44.52236220904243
100%,citra34.jpg,0.35512994260204084,dark,False,38.67710283561933
100%,citra35.jpg,0.3490712691326531,dark,False,38.60096548633934
100%,citra36.jpg,0.35347576530612246,dark,False,38.51414490131467
100%,citra37.jpg,0.36447704081632654,dark,False,38.41817271249763
100%,citra38.jpg,0.3621452487244898,dark,False,38.63265460818213
100%,citra39.jpg,0.35489078443877553,dark,False,38.51346275007321
100%,citra4.jpeg,0.6709382971938775,dark,False,56.35298335397163
100%,citra40.jpg,0.359195631377551,dark,False,38.43644265605601
100%,citra41.jpg,0.7085857780612245,dark,False,48.461875053432
100%,citra42.jpg,0.7097217793367347,dark,False,48.45978365972828
100%,citra43.jpg,0.7097616390306123,dark,False,48.434272750726585
100%,citra44.jpg,0.7667012117346939,dark,False,43.90925492638795
100%,citra45.jpg,0.7692123724489796,dark,False,43.884932870992635
100%,citra46.jpg,0.6366589604591837,dark,False,66.7959085833309
100%,citra47.jpg,0.7543048469387755,dark,False,71.98205104215172
100%,citra48.jpg,0.7719626913265306,dark,False,43.9221311192214
100%,citra49.jpg,0.6994180484693877,dark,False,38.914825868729224
100%,citra5.jpeg,0.6702606823979592,dark,False,56.35118018488301
100%,citra50.jpg,0.7556002869897959,dark,False,64.61133511821032
100%,citra51.jpg,0.46316964285714285,dark,False,64.61489003812511
100%,citra52.jpg,0.7501793686224489,dark,False,61.50962009105232
100%,citra53.jpg,0.7867904974489796,dark,False,75.61021687535401
100%,citra54.jpg,0.6980628188775511,dark,False,38.90765608410329
100%,citra55.jpg,0.6725924744897959,dark,False,56.75346992518772
100%,citra56.jpg,0.6310387436224489,dark,False,68.38310144428456
100%,citra57.jpg,0.6944754464285714,dark,False,39.04793213926556
100%,citra58.jpg,0.6928611288265306,dark,False,39.026575328904705
100%,citra59.jpg,0.6930803571428571,dark,False,39.01429365788744
100%,citra6.jpeg,0.6711973852040817,dark,False,56.34948655929791
100%,citra60.jpg,0.7500597895408163,dark,False,61.18331989959565
100%,citra61.jpg,0.36220503826530615,dark,False,46.47974374166935
100%,citra62.jpg,0.5340800382653061,dark,False,48.25922249534125
100%,citra63.jpg,0.5497648278061225,dark,False,48.24641876245216
100%,citra64.jpg,0.5484295280612245,dark,False,48.24455632622102
100%,citra65.jpg,0.5530133928571429,dark,False,48.22405438318044
100%,citra66.jpg,0.27329799107142855,dark,False,15.445282939949747
100%,citra67.jpg,0.26759805484693877,dark,False,15.417478811446438
100%,citra68.jpg,0.29330755739795916,dark,False,15.387097831655595
100%,citra69.jpg,0.20744977678571427,dark,False,42.22298764491697
100%,citra7.jpeg,0.6704599808673469,dark,False,56.345311236313286
100%,citra70.jpg,0.20372289540816327,dark,False,42.21393003430654
100%,citra71.jpg,0.2099011479591837,dark,False,42.198860857465824
100%,citra72.jpg,0.20826690051020408,dark,False,42.19104682805382
100%,citra73.jpg,0.08476163903061225,dark,False,15.934384382256345
100%,citra74.jpg,0.08462213010204081,dark,False,15.90846770605323
100%,citra75.jpg,0.08264907525510204,dark,False,15.896262758744172
100%,citra76.png,0.4057118941326531,dark,False,0.0
100%,citra77.png,0.41025589923469385,dark,False,0.0
100%,citra78.png,0.41603555484693877,dark,False,0.0
100%,citra79.jpg,0.16163105867346939,dark,False,39.33189608426776
100%,citra8.jpeg,0.6706792091836735,dark,False,56.346150012567115
100%,citra80.jpg,0.15718670280612246,dark,False,39.30660716214086
100%,citra81.jpg,0.7245097257653061,dark,False,55.66737839194008
100%,citra82.jpg,0.7146643813775511,dark,False,58.59200001475759
100%,citra83.jpg,0.7139070471938775,dark,False,58.55536641176994
100%,citra84.jpg,0.7160196109693877,dark,False,50.480862773177364
100%,citra85.jpg,0.6939373405612245,dark,False,50.4497736303957
100%,citra86.jpg,0.27345742984693877,dark,False,48.469532789433536
100%,citra87.jpg,0.26377152423469385,dark,False,49.78177033686878
100%,citra88.jpg,0.2741549744897959,dark,False,48.49080496199364
100%,citra89.jpg,0.28089126275510207,dark,False,48.18237790656929
100%,citra9.jpg,0.6316565688775511,dark,False,62.10352203091443
100%,citra90.jpg,0.6128228635204082,dark,False,53.38830392668401
100%,citra91.jpg,0.6029177295918368,dark,False,53.317982614086475
100%,citra92.jpg,0.6022201849489796,dark,False,53.25724231193635
100%,citra93.jpg,0.7528101084183674,dark,False,53.221016100530335
100%,citra94.jpg,0.3918407206632653,dark,False,22.92398700084517
100%,citra95.jpg,0.6722138073979592,dark,False,22.976962253090107
100%,citra96.jpg,0.6759207589285714,dark,False,23.018343409033278
100%,citra97.jpg,0.6101921237244898,dark,False,47.859144613954136
100%,citra98.jpg,0.447444993622449,dark,False,12.819054740742317
100%,citra99.jpg,0.5190728635204082,dark,False,28.655471740391576
