distance,colour_rmse,class_a,class_b,cross_class,file_a,file_b
0,0.9594649116391212,RottenApple,RottenApple,False,saltandpepper_Screen Shot 2018-06-08 at 2.51.43 PM.png,Screen Shot 2018-06-08 at 2.51.43 PM.png
0,0.9606516343087124,RottenApple,RottenApple,False,saltandpepper_Screen Shot 2018-06-07 at 2.15.50 PM.png,Screen Shot 2018-06-07 at 2.15.50 PM.png
0,0.9620060962211553,RipeApple,RipeApple,False,saltandpepper_Screen Shot 2018-06-08 at 5.21.22 PM.png,Screen Shot 2018-06-08 at 5.21.22 PM.png
0,0.9638653735524134,RottenApple,RottenApple,False,saltandpepper_Screen Shot 2018-06-08 at 2.48.29 PM.png,Screen Shot 2018-06-08 at 2.48.29 PM.png
0,0.976947840641113,RipeApple,RipeApple,False,saltandpepper_Screen Shot 2018-06-08 at 5.23.51 PM.png,Screen Shot 2018-06-08 at 5.23.51 PM.png
0,0.9849122211310678,RottenApple,RottenApple,False,saltandpepper_Screen Shot 2018-06-07 at 2.19.15 PM.png,Screen Shot 2018-06-07 at 2.19.15 PM.png
0,0.9880470531137,RottenApple,RottenApple,False,saltandpepper_Screen Shot 2018-06-07 at 2.56.16 PM.png,Screen Shot 2018-06-07 at 2.56.16 PM.png
0,0.9942870666127229,RottenApple,RottenApple,False,saltandpepper_Screen Shot 2018-06-07 at 2.19.46 PM.png,Screen Shot 2018-06-07 at 2.19.46 PM.png
0,0.9947780321927768,RottenApple,RottenApple,False,saltandpepper_Screen Shot 2018-06-07 at 3.00.00 PM.png,Screen Shot 2018-06-07 at 3.00.00 PM.png
0,0.999185866509997,RottenApple,RottenApple,False,saltandpepper_Screen Shot 2018-06-08 at 2.34.05 PM.png,Screen Shot 2018-06-08 at 2.34.05 PM.png
0,1.0021136516550073,RipeApple,RipeApple,False,saltandpepper_Screen Shot 2018-06-08 at 5.16.49 PM.png,Screen Shot 2018-06-08 at 5.16.49 PM.png
0,1.0084280258567457,RipeApple,RipeApple,False,saltandpepper_Screen Shot 2018-06-08 at 5.04.05 PM.png,Screen Shot 2018-06-08 at 5.04.05 PM.png
0,1.019823054505045,RipeApple,RipeApple,False,saltandpepper_Screen Shot 2018-06-08 at 4.59.36 PM.png,Screen Shot 2018-06-08 at 4.59.36 PM.png
0,1.021258414898012,RottenApple,RottenApple,False,saltandpepper_Screen Shot 2018-06-07 at 2.37.11 PM.png,Screen Shot 2018-06-07 at 2.37.11 PM.png
0,1.0280885885143036,RottenApple,RottenApple,False,saltandpepper_Screen Shot 2018-06-07 at 2.47.13 PM.png,Screen Shot 2018-06-07 at 2.47.13 PM.png
0,1.0303025951146585,RottenApple,RottenApple,False,saltandpepper_Screen Shot 2018-06-07 at 2.59.52 PM.png,Screen Shot 2018-06-07 at 2.59.52 PM.png
0,1.0366022722497443,RipeApple,RipeApple,False,saltandpepper_Screen Shot 2018-06-08 at 5.11.16 PM.png,Screen Shot 2018-06-08 at 5.11.16 PM.png
0,1.0397377974758828,RipeApple,RipeApple,False,saltandpepper_Screen Shot 2018-06-08 at 5.11.02 PM.png,Screen Shot 2018-06-08 at 5.11.02 PM.png
0,1.0419270507893854,RipeApple,RipeApple,False,saltandpepper_Screen Shot 2018-06-08 at 5.22.58 PM.png,Screen Shot 2018-06-08 at 5.22.58 PM.png
0,1.0431759898662034,RottenApple,RottenApple,False,saltandpepper_Screen Shot 2018-06-07 at 2.17.25 PM.png,Screen Shot 2018-06-07 at 2.17.25 PM.png
0,1.05125792704106,RipeApple,RipeApple,False,saltandpepper_Screen Shot 2018-06-08 at 5.03.34 PM.png,Screen Shot 2018-06-08 at 5.03.34 PM.png
0,1.0731694685991273,RipeApple,RipeApple,False,saltandpepper_Screen Shot 2018-06-08 at 5.13.02 PM.png,Screen Shot 2018-06-08 at 5.13.02 PM.png
0,1.0766520735595135,RottenApple,RottenApple,False,saltandpepper_Screen Shot 2018-06-07 at 2.43.54 PM.png,Screen Shot 2018-06-07 at 2.43.54 PM.png
0,1.076803235662548,RottenApple,RottenApple,False,saltandpepper_Screen Shot 2018-06-07 at 3.00.46 PM.png,Screen Shot 2018-06-07 at 3.00.46 PM.png
0,1.077256594704035,RipeApple,RipeApple,False,saltandpepper_Screen Shot 2018-06-08 at 5.13.40 PM.png,Screen Shot 2018-06-08 at 5.13.40 PM.png
0,1.0852347096365835,RipeApple,RipeApple,False,saltandpepper_Screen Shot 2018-06-08 at 5.32.33 PM.png,Screen Shot 2018-06-08 at 5.32.33 PM.png
0,1.0879309490955758,RottenApple,RottenApple,False,saltandpepper_Screen Shot 2018-06-08 at 2.38.54 PM.png,Screen Shot 2018-06-08 at 2.38.54 PM.png
0,1.09181376235449,RottenApple,RottenApple,False,saltandpepper_Screen Shot 2018-06-08 at 2.34.51 PM.png,Screen Shot 2018-06-08 at 2.34.51 PM.png
0,1.0924098933092834,RipeApple,RipeApple,False,saltandpepper_Screen Shot 2018-06-08 at 5.17.10 PM.png,Screen Shot 2018-06-08 at 5.17.10 PM.png
0,1.0992421631894098,RottenApple,RottenApple,False,saltandpepper_Screen Shot 2018-06-08 at 2.37.53 PM.png,Screen Shot 2018-06-08 at 2.37.53 PM.png
0,1.1069148190654359,RottenApple,RottenApple,False,saltandpepper_Screen Shot 2018-06-07 at 3.00.17 PM.png,Screen Shot 2018-06-07 at 3.00.17 PM.png
0,1.1075028216668343,RipeApple,RipeApple,False,saltandpepper_Screen Shot 2018-06-08 at 5.15.01 PM.png,Screen Shot 2018-06-08 at 5.15.01 PM.png
0,1.114534656257938,RipeApple,RipeApple,False,saltandpepper_Screen Shot 2018-06-08 at 5.07.32 PM.png,Screen Shot 2018-06-08 at 5.07.32 PM.png
0,1.1223928122542481,RottenApple,RottenApple,False,saltandpepper_Screen Shot 2018-06-08 at 2.43.29 PM.png,Screen Shot 2018-06-08 at 2.43.29 PM.png
0,1.1241316092878093,RipeApple,RipeApple,False,saltandpepper_Screen Shot 2018-06-08 at 5.08.46 PM.png,Screen Shot 2018-06-08 at 5.08.46 PM.png
0,1.1257231472110125,RottenApple,RottenApple,False,saltandpepper_Screen Shot 2018-06-08 at 2.26.44 PM.png,Screen Shot 2018-06-08 at 2.26.44 PM.png
0,1.1324981604105735,RottenApple,RottenApple,False,saltandpepper_Screen Shot 2018-06-08 at 2.45.58 PM.png,Screen Shot 2018-06-08 at 2.45.58 PM.png
0,1.1382323649706447,RipeApple,RipeApple,False,saltandpepper_Screen Shot 2018-06-08 at 5.01.08 PM.png,Screen Shot 2018-06-08 at 5.01.08 PM.png
0,1.139090005955046,RipeApple,RipeApple,False,saltandpepper_Screen Shot 2018-06-08 at 5.24.35 PM.png,Screen Shot 2018-06-08 at 5.24.35 PM.png
0,1.1423716649292968,RipeApple,RipeApple,False,saltandpepper_Screen Shot 2018-06-08 at 5.12.20 PM.png,Screen Shot 2018-06-08 at 5.12.20 PM.png
0,1.1439378261076953,RottenApple,RottenApple,False,saltandpepper_Screen Shot 2018-06-08 at 2.25.43 PM.png,Screen Shot 2018-06-08 at 2.25.43 PM.png
0,1.1476311653430586,RottenApple,RottenApple,False,saltandpepper_Screen Shot 2018-06-07 at 2.37.32 PM.png,Screen Shot 2018-06-07 at 2.37.32 PM.png
0,1.151736686848749,RottenApple,RottenApple,False,saltandpepper_Screen Shot 2018-06-07 at 2.34.18 PM.png,Screen Shot 2018-06-07 at 2.34.18 PM.png
0,1.1524430571616109,RottenApple,RottenApple,False,saltandpepper_Screen Shot 2018-06-07 at 2.24.35 PM.png,Screen Shot 2018-06-07 at 2.24.35 PM.png
0,1.165643152226844,RottenApple,RottenApple,False,saltandpepper_Screen Shot 2018-06-07 at 2.20.56 PM.png,Screen Shot 2018-06-07 at 2.20.56 PM.png
0,1.168989503089456,RipeApple,RipeApple,False,saltandpepper_Screen Shot 2018-06-08 at 5.16.44 PM.png,Screen Shot 2018-06-08 at 5.16.44 PM.png
0,1.1707981163149634,RipeApple,RipeApple,False,saltandpepper_Screen Shot 2018-06-08 at 5.09.25 PM.png,Screen Shot 2018-06-08 at 5.09.25 PM.png
0,1.1714929932924623,RottenApple,RottenApple,False,saltandpepper_Screen Shot 2018-06-08 at 2.34.42 PM.png,Screen Shot 2018-06-08 at 2.34.42 PM.png
0,1.1730202736952162,RipeApple,RipeApple,False,saltandpepper_Screen Shot 2018-06-08 at 5.03.05 PM.png,Screen Shot 2018-06-08 at 5.03.05 PM.png
0,1.1749612138988532,RottenApple,RottenApple,False,saltandpepper_Screen Shot 2018-06-07 at 2.46.43 PM.png,Screen Shot 2018-06-07 at 2.46.43 PM.png
0,1.1821425199611086,RottenApple,RottenApple,False,saltandpepper_Screen Shot 2018-06-08 at 2.47.30 PM.png,Screen Shot 2018-06-08 at 2.47.30 PM.png
0,1.1881851093860194,RottenApple,RottenApple,False,saltandpepper_Screen Shot 2018-06-07 at 2.53.20 PM.png,Screen Shot 2018-06-07 at 2.53.20 PM.png
0,1.188459042556088,RottenApple,RottenApple,False,saltandpepper_Screen Shot 2018-06-08 at 2.46.50 PM.png,Screen Shot 2018-06-08 at 2.46.50 PM.png
0,1.191331537957983,RipeApple,RipeApple,False,saltandpepper_Screen Shot 2018-06-08 at 5.20.51 PM.png,Screen Shot 2018-06-08 at 5.20.51 PM.png
0,1.1941971239428326,RipeApple,RipeApple,False,saltandpepper_Screen Shot 2018-06-08 at 5.27.27 PM.png,Screen Shot 2018-06-08 at 5.27.27 PM.png
0,1.1944696783510245,RottenApple,RottenApple,False,saltandpepper_Screen Shot 2018-06-08 at 2.42.06 PM.png,Screen Shot 2018-06-08 at 2.42.06 PM.png
0,1.197191809680749,RipeApple,RipeApple,False,saltandpepper_Screen Shot 2018-06-08 at 5.00.03 PM.png,Screen Shot 2018-06-08 at 5.00.03 PM.png
0,1.2047810572188349,RottenApple,RottenApple,False,saltandpepper_Screen Shot 2018-06-07 at 2.38.38 PM.png,Screen Shot 2018-06-07 at 2.38.38 PM.png
0,1.2064011131598533,RottenApple,RottenApple,False,saltandpepper_Screen Shot 2018-06-07 at 2.38.49 PM.png,Screen Shot 2018-06-07 at 2.38.49 PM.png
0,1.206940648568382,RottenApple,RottenApple,False,saltandpepper_Screen Shot 2018-06-08 at 2.40.30 PM.png,Screen Shot 2018-06-08 at 2.40.30 PM.png
0,1.2158084158972855,RipeApple,RipeApple,False,saltandpepper_Screen Shot 2018-06-08 at 4.59.49 PM.png,Screen Shot 2018-06-08 at 4.59.49 PM.png
0,1.2232821713870161,RipeApple,RipeApple,False,saltandpepper_Screen Shot 2018-06-08 at 5.25.02 PM.png,Screen Shot 2018-06-08 at 5.25.02 PM.png
0,1.2260730844176186,RipeApple,RipeApple,False,saltandpepper_Screen Shot 2018-06-08 at 5.33.11 PM.png,Screen Shot 2018-06-08 at 5.33.11 PM.png
0,1.2284602489837972,RottenApple,RottenApple,False,saltandpepper_Screen Shot 2018-06-07 at 2.34.36 PM.png,Screen Shot 2018-06-07 at 2.34.36 PM.png
0,1.228592733238589,RipeApple,RipeApple,False,saltandpepper_Screen Shot 2018-06-08 at 5.11.08 PM.png,Screen Shot 2018-06-08 at 5.11.08 PM.png
0,1.2336165919090636,RottenApple,RottenApple,False,saltandpepper_Screen Shot 2018-06-08 at 2.30.26 PM.png,Screen Shot 2018-06-08 at 2.30.26 PM.png
0,1.23625252780328,RottenApple,RottenApple,False,saltandpepper_Screen Shot 2018-06-08 at 2.24.09 PM.png,Screen Shot 2018-06-08 at 2.24.09 PM.png
0,1.2383572367589788,RottenApple,RottenApple,False,saltandpepper_Screen Shot 2018-06-08 at 2.23.40 PM.png,Screen Shot 2018-06-08 at 2.23.40 PM.png
0,1.2433416415048602,RottenApple,RottenApple,False,saltandpepper_Screen Shot 2018-06-08 at 2.52.05 PM.png,Screen Shot 2018-06-08 at 2.52.05 PM.png
0,1.2615353162581961,RipeApple,RipeApple,False,saltandpepper_Screen Shot 2018-06-08 at 5.01.01 PM.png,Screen Shot 2018-06-08 at 5.01.01 PM.png
0,1.269124534209836,RipeApple,RipeApple,False,saltandpepper_Screen Shot 2018-06-08 at 5.24.26 PM.png,Screen Shot 2018-06-08 at 5.24.26 PM.png
0,1.2723266499475152,RottenApple,RottenApple,False,saltandpepper_Screen Shot 2018-06-07 at 2.43.34 PM.png,Screen Shot 2018-06-07 at 2.43.34 PM.png
0,1.274499493265232,RottenApple,RottenApple,False,saltandpepper_Screen Shot 2018-06-07 at 2.57.13 PM.png,Screen Shot 2018-06-07 at 2.57.13 PM.png
0,1.3007910253636694,RottenApple,RottenApple,False,saltandpepper_Screen Shot 2018-06-07 at 3.02.24 PM.png,Screen Shot 2018-06-07 at 3.02.24 PM.png
0,1.3012914258535633,RipeApple,RipeApple,False,saltandpepper_Screen Shot 2018-06-08 at 5.03.17 PM.png,Screen Shot 2018-06-08 at 5.03.17 PM.png
0,1.3069077291454052,RipeApple,RipeApple,False,saltandpepper_Screen Shot 2018-06-08 at 5.26.13 PM.png,Screen Shot 2018-06-08 at 5.26.13 PM.png
0,1.4212166516169635,RipeApple,RipeApple,False,saltandpepper_Screen Shot 2018-06-08 at 5.13.18 PM.png,Screen Shot 2018-06-08 at 5.13.18 PM.png
0,1.4213311688929735,RottenApple,RottenApple,False,saltandpepper_Screen Shot 2018-06-08 at 2.40.09 PM.png,Screen Shot 2018-06-08 at 2.40.09 PM.png
0,1.4333045660872872,RottenApple,RottenApple,False,saltandpepper_Screen Shot 2018-06-08 at 2.28.00 PM.png,Screen Shot 2018-06-08 at 2.28.00 PM.png
0,1.5074683868990422,RottenApple,RottenApple,False,saltandpepper_Screen Shot 2018-06-07 at 3.01.54 PM.png,Screen Shot 2018-06-07 at 3.01.54 PM.png
0,1.680444354677258,RottenApple,RottenApple,False,saltandpepper_Screen Shot 2018-06-07 at 2.36.06 PM.png,Screen Shot 2018-06-07 at 2.36.06 PM.png
0,1.8125897966261793,RipeApple,RipeApple,False,saltandpepper_Screen Shot 2018-06-08 at 5.10.37 PM.png,Screen Shot 2018-06-08 at 5.10.37 PM.png
0,5.328193731228248,RottenApple,RottenApple,False,Screen Shot 2018-06-07 at 2.41.32 PM.png,Screen Shot 2018-06-07 at 2.42.25 PM.png
0,5.648677020624682,RipeApple,RipeApple,False,Screen Shot 2018-06-08 at 5.00.12 PM.png,Screen Shot 2018-06-08 at 5.10.11 PM.png
0,5.822376242065319,RipeApple,RipeApple,False,rotated_by_15_Screen Shot 2018-06-08 at 5.00.12 PM.png,rotated_by_15_Screen Shot 2018-06-08 at 5.10.11 PM.png
0,7.103150892679014,RottenApple,RottenApple,False,rotated_by_45_Screen Shot 2018-06-07 at 2.41.32 PM.png,rotated_by_45_Screen Shot 2018-06-07 at 2.42.25 PM.png
0,7.370496506342025,RipeApple,RipeApple,False,translation_Screen Shot 2018-06-08 at 5.00.12 PM.png,translation_Screen Shot 2018-06-08 at 5.10.11 PM.png
1,0.9906792177592099,RottenApple,RottenApple,False,saltandpepper_Screen Shot 2018-06-07 at 2.52.44 PM.png,Screen Shot 2018-06-07 at 2.52.44 PM.png
1,0.9982080298381362,RipeApple,RipeApple,False,saltandpepper_Screen Shot 2018-06-08 at 5.06.47 PM.png,Screen Shot 2018-06-08 at 5.06.47 PM.png
1,1.0013012367248264,RipeApple,RipeApple,False,saltandpepper_Screen Shot 2018-06-08 at 5.17.04 PM.png,Screen Shot 2018-06-08 at 5.17.04 PM.png
1,1.0072975913303874,RipeApple,RipeApple,False,saltandpepper_Screen Shot 2018-06-08 at 5.17.42 PM.png,Screen Shot 2018-06-08 at 5.17.42 PM.png
1,1.013097817340458,RipeApple,RipeApple,False,saltandpepper_Screen Shot 2018-06-08 at 5.20.26 PM.png,Screen Shot 2018-06-08 at 5.20.26 PM.png
1,1.0183856710500203,RipeApple,RipeApple,False,saltandpepper_Screen Shot 2018-06-08 at 5.20.17 PM.png,Screen Shot 2018-06-08 at 5.20.17 PM.png
1,1.0191844676831896,RottenApple,RottenApple,False,saltandpepper_Screen Shot 2018-06-08 at 2.37.13 PM.png,Screen Shot 2018-06-08 at 2.37.13 PM.png
1,1.0245997694221876,RipeApple,RipeApple,False,saltandpepper_Screen Shot 2018-06-08 at 5.29.07 PM.png,Screen Shot 2018-06-08 at 5.29.07 PM.png
1,1.024758609787365,RottenApple,RottenApple,False,saltandpepper_Screen Shot 2018-06-07 at 2.43.13 PM.png,Screen Shot 2018-06-07 at 2.43.13 PM.png
1,1.0269797953221864,RipeApple,RipeApple,False,saltandpepper_Screen Shot 2018-06-08 at 5.26.05 PM.png,Screen Shot 2018-06-08 at 5.26.05 PM.png
1,1.032196535307109,RottenApple,RottenApple,False,saltandpepper_Screen Shot 2018-06-08 at 2.23.48 PM.png,Screen Shot 2018-06-08 at 2.23.48 PM.png
1,1.0359740283906735,RottenApple,RottenApple,False,saltandpepper_Screen Shot 2018-06-07 at 2.43.26 PM.png,Screen Shot 2018-06-07 at 2.43.26 PM.png
1,1.036916251439816,RipeApple,RipeApple,False,saltandpepper_Screen Shot 2018-06-08 at 4.59.57 PM.png,Screen Shot 2018-06-08 at 4.59.57 PM.png
1,1.0373870420436144,RottenApple,RottenApple,False,saltandpepper_Screen Shot 2018-06-07 at 2.57.26 PM.png,Screen Shot 2018-06-07 at 2.57.26 PM.png
1,1.0387981336621663,RipeApple,RipeApple,False,saltandpepper_Screen Shot 2018-06-08 at 5.11.24 PM.png,Screen Shot 2018-06-08 at 5.11.24 PM.png
1,1.0398943255606952,RottenApple,RottenApple,False,saltandpepper_Screen Shot 2018-06-07 at 2.42.18 PM.png,Screen Shot 2018-06-07 at 2.42.18 PM.png
1,1.0428638953222356,RipeApple,RipeApple,False,saltandpepper_Screen Shot 2018-06-08 at 5.14.07 PM.png,Screen Shot 2018-06-08 at 5.14.07 PM.png
1,1.0452023328842444,RipeApple,RipeApple,False,saltandpepper_Screen Shot 2018-06-08 at 5.05.27 PM.png,Screen Shot 2018-06-08 at 5.05.27 PM.png
1,1.048932989597842,RipeApple,RipeApple,False,saltandpepper_Screen Shot 2018-06-08 at 5.00.35 PM.png,Screen Shot 2018-06-08 at 5.00.35 PM.png
1,1.0537322062554604,RottenApple,RottenApple,False,saltandpepper_Screen Shot 2018-06-07 at 3.06.22 PM.png,Screen Shot 2018-06-07 at 3.06.22 PM.png
1,1.0724108840209832,RottenApple,RottenApple,False,saltandpepper_Screen Shot 2018-06-08 at 2.35.10 PM.png,Screen Shot 2018-06-08 at 2.35.10 PM.png
1,1.082080605823799,RottenApple,RottenApple,False,saltandpepper_Screen Shot 2018-06-07 at 2.47.27 PM.png,Screen Shot 2018-06-07 at 2.47.27 PM.png
1,1.0847846848568614,RottenApple,RottenApple,False,saltandpepper_Screen Shot 2018-06-07 at 3.00.33 PM.png,Screen Shot 2018-06-07 at 3.00.33 PM.png
1,1.0901727214070256,RipeApple,RipeApple,False,saltandpepper_Screen Shot 2018-06-08 at 5.26.58 PM.png,Screen Shot 2018-06-08 at 5.26.58 PM.png
1,1.0941963375007249,RipeApple,RipeApple,False,saltandpepper_Screen Shot 2018-06-08 at 5.04.42 PM.png,Screen Shot 2018-06-08 at 5.04.42 PM.png
1,1.0965737359308463,RottenApple,RottenApple,False,saltandpepper_Screen Shot 2018-06-08 at 2.30.31 PM.png,Screen Shot 2018-06-08 at 2.30.31 PM.png
1,1.1045596784842968,RottenApple,RottenApple,False,saltandpepper_Screen Shot 2018-06-07 at 3.05.58 PM.png,Screen Shot 2018-06-07 at 3.05.58 PM.png
1,1.1079436188272398,RottenApple,RottenApple,False,saltandpepper_Screen Shot 2018-06-07 at 2.20.46 PM.png,Screen Shot 2018-06-07 at 2.20.46 PM.png
1,1.1098517168222668,RottenApple,RottenApple,False,saltandpepper_Screen Shot 2018-06-08 at 2.36.55 PM.png,Screen Shot 2018-06-08 at 2.36.55 PM.png
1,1.1119029296660747,RottenApple,RottenApple,False,saltandpepper_Screen Shot 2018-06-07 at 2.40.48 PM.png,Screen Shot 2018-06-07 at 2.40.48 PM.png
1,1.1132195706598047,RipeApple,RipeApple,False,saltandpepper_Screen Shot 2018-06-08 at 5.34.21 PM.png,Screen Shot 2018-06-08 at 5.34.21 PM.png
1,1.1157023199163236,RipeApple,RipeApple,False,saltandpepper_Screen Shot 2018-06-08 at 5.00.26 PM.png,Screen Shot 2018-06-08 at 5.00.26 PM.png
1,1.1202155205584325,RipeApple,RipeApple,False,saltandpepper_Screen Shot 2018-06-08 at 5.22.53 PM.png,Screen Shot 2018-06-08 at 5.22.53 PM.png
1,1.1231176381691577,RottenApple,RottenApple,False,saltandpepper_Screen Shot 2018-06-08 at 2.53.14 PM.png,Screen Shot 2018-06-08 at 2.53.14 PM.png
1,1.1255785549366748,RottenApple,RottenApple,False,saltandpepper_Screen Shot 2018-06-07 at 2.44.26 PM.png,Screen Shot 2018-06-07 at 2.44.26 PM.png
1,1.1330728867405957,RottenApple,RottenApple,False,saltandpepper_Screen Shot 2018-06-08 at 2.31.16 PM.png,Screen Shot 2018-06-08 at 2.31.16 PM.png
1,1.1336473217010659,RipeApple,RipeApple,False,saltandpepper_Screen Shot 2018-06-08 at 5.19.47 PM.png,Screen Shot 2018-06-08 at 5.19.47 PM.png
1,1.1408033536357907,RottenApple,RottenApple,False,saltandpepper_Screen Shot 2018-06-08 at 2.42.38 PM.png,Screen Shot 2018-06-08 at 2.42.38 PM.png
1,1.142656581173889,RottenApple,RottenApple,False,saltandpepper_Screen Shot 2018-06-08 at 2.48.00 PM.png,Screen Shot 2018-06-08 at 2.48.00 PM.png
1,1.143653229057363,RipeApple,RipeApple,False,saltandpepper_Screen Shot 2018-06-08 at 5.21.44 PM.png,Screen Shot 2018-06-08 at 5.21.44 PM.png
1,1.1457859838701698,RottenApple,RottenApple,False,saltandpepper_Screen Shot 2018-06-07 at 2.41.07 PM.png,Screen Shot 2018-06-07 at 2.41.07 PM.png
1,1.1483400610591503,RipeApple,RipeApple,False,saltandpepper_Screen Shot 2018-06-08 at 5.20.56 PM.png,Screen Shot 2018-06-08 at 5.20.56 PM.png
1,1.1500396279404173,RottenApple,RottenApple,False,saltandpepper_Screen Shot 2018-06-08 at 2.30.40 PM.png,Screen Shot 2018-06-08 at 2.30.40 PM.png
1,1.1520192869479227,RipeApple,RipeApple,False,saltandpepper_Screen Shot 2018-06-08 at 5.18.58 PM.png,Screen Shot 2018-06-08 at 5.18.58 PM.png
1,1.1569536147429018,RipeApple,RipeApple,False,saltandpepper_Screen Shot 2018-06-08 at 5.03.59 PM.png,Screen Shot 2018-06-08 at 5.03.59 PM.png
1,1.1572349408539881,RottenApple,RottenApple,False,saltandpepper_Screen Shot 2018-06-08 at 2.37.19 PM.png,Screen Shot 2018-06-08 at 2.37.19 PM.png
1,1.159202311936963,RottenApple,RottenApple,False,saltandpepper_Screen Shot 2018-06-07 at 2.55.27 PM.png,Screen Shot 2018-06-07 at 2.55.27 PM.png
1,1.1593427106914216,RottenApple,RottenApple,False,saltandpepper_Screen Shot 2018-06-08 at 2.37.24 PM.png,Screen Shot 2018-06-08 at 2.37.24 PM.png
1,1.1627071947972685,RottenApple,RottenApple,False,saltandpepper_Screen Shot 2018-06-07 at 2.44.51 PM.png,Screen Shot 2018-06-07 at 2.44.51 PM.png
1,1.1642460006373223,RottenApple,RottenApple,False,saltandpepper_Screen Shot 2018-06-08 at 2.38.08 PM.png,Screen Shot 2018-06-08 at 2.38.08 PM.png
1,1.1714929932924623,RipeApple,RipeApple,False,saltandpepper_Screen Shot 2018-06-08 at 5.16.33 PM.png,Screen Shot 2018-06-08 at 5.16.33 PM.png
1,1.1792476415070754,RottenApple,RottenApple,False,saltandpepper_Screen Shot 2018-06-08 at 2.44.13 PM.png,Screen Shot 2018-06-08 at 2.44.13 PM.png
1,1.1797995945639808,RipeApple,RipeApple,False,saltandpepper_Screen Shot 2018-06-08 at 5.10.03 PM.png,Screen Shot 2018-06-08 at 5.10.03 PM.png
1,1.1803512895179413,RottenApple,RottenApple,False,saltandpepper_Screen Shot 2018-06-07 at 2.31.59 PM.png,Screen Shot 2018-06-07 at 2.31.59 PM.png
1,1.182693122003055,RipeApple,RipeApple,False,saltandpepper_Screen Shot 2018-06-08 at 5.33.55 PM.png,Screen Shot 2018-06-08 at 5.33.55 PM.png
1,1.1853049888812022,RottenApple,RottenApple,False,saltandpepper_Screen Shot 2018-06-07 at 3.02.09 PM.png,Screen Shot 2018-06-07 at 3.02.09 PM.png
1,1.185716862984864,RipeApple,RipeApple,False,saltandpepper_Screen Shot 2018-06-08 at 5.17.22 PM.png,Screen Shot 2018-06-08 at 5.17.22 PM.png
1,1.186540182280679,RipeApple,RipeApple,False,saltandpepper_Screen Shot 2018-06-08 at 5.18.42 PM.png,Screen Shot 2018-06-08 at 5.18.42 PM.png
1,1.1866773466279703,RottenApple,RottenApple,False,saltandpepper_Screen Shot 2018-06-07 at 2.46.52 PM.png,Screen Shot 2018-06-07 at 2.46.52 PM.png
1,1.192424001771182,RottenApple,RottenApple,False,saltandpepper_Screen Shot 2018-06-07 at 2.57.17 PM.png,Screen Shot 2018-06-07 at 2.57.17 PM.png
1,1.192424001771182,RottenApple,RottenApple,False,saltandpepper_Screen Shot 2018-06-08 at 2.48.15 PM.png,Screen Shot 2018-06-08 at 2.48.15 PM.png
1,1.1925604893812864,RipeApple,RipeApple,False,saltandpepper_Screen Shot 2018-06-08 at 5.19.35 PM.png,Screen Shot 2018-06-08 at 5.19.35 PM.png
1,1.1926969613722787,RipeApple,RipeApple,False,saltandpepper_Screen Shot 2018-06-08 at 5.25.54 PM.png,Screen Shot 2018-06-08 at 5.25.54 PM.png
1,1.1995007642070652,RottenApple,RottenApple,False,saltandpepper_Screen Shot 2018-06-08 at 2.50.38 PM.png,Screen Shot 2018-06-08 at 2.50.38 PM.png
1,1.2004502193621636,RottenApple,RottenApple,False,saltandpepper_Screen Shot 2018-06-08 at 2.31.23 PM.png,Screen Shot 2018-06-08 at 2.31.23 PM.png
1,1.2046459542122738,RipeApple,RipeApple,False,saltandpepper_Screen Shot 2018-06-08 at 5.21.40 PM.png,Screen Shot 2018-06-08 at 5.21.40 PM.png
1,1.206536019630855,RottenApple,RottenApple,False,saltandpepper_Screen Shot 2018-06-07 at 2.17.15 PM.png,Screen Shot 2018-06-07 at 2.17.15 PM.png
1,1.2108450905600325,RipeApple,RipeApple,False,saltandpepper_Screen Shot 2018-06-08 at 5.27.19 PM.png,Screen Shot 2018-06-08 at 5.27.19 PM.png
1,1.2151388809514738,RipeApple,RipeApple,False,saltandpepper_Screen Shot 2018-06-08 at 5.18.12 PM.png,Screen Shot 2018-06-08 at 5.18.12 PM.png
1,1.2154067391892587,RipeApple,RipeApple,False,saltandpepper_Screen Shot 2018-06-08 at 5.25.33 PM.png,Screen Shot 2018-06-08 at 5.25.33 PM.png
1,1.2163437785017852,RipeApple,RipeApple,False,saltandpepper_Screen Shot 2018-06-08 at 5.03.26 PM.png,Screen Shot 2018-06-08 at 5.03.26 PM.png
1,1.221151480161245,RottenApple,RottenApple,False,saltandpepper_Screen Shot 2018-06-07 at 2.40.28 PM.png,Screen Shot 2018-06-07 at 2.40.28 PM.png
1,1.2218177203112854,RipeApple,RipeApple,False,saltandpepper_Screen Shot 2018-06-08 at 5.33.47 PM.png,Screen Shot 2018-06-08 at 5.33.47 PM.png
1,1.2244790558981944,RottenApple,RottenApple,False,saltandpepper_Screen Shot 2018-06-08 at 2.47.37 PM.png,Screen Shot 2018-06-08 at 2.47.37 PM.png
1,1.2287252032085938,RottenApple,RottenApple,False,saltandpepper_Screen Shot 2018-06-08 at 2.28.23 PM.png,Screen Shot 2018-06-08 at 2.28.23 PM.png
1,1.229122527456071,RipeApple,RipeApple,False,saltandpepper_Screen Shot 2018-06-08 at 5.04.31 PM.png,Screen Shot 2018-06-08 at 5.04.31 PM.png
1,1.229519723306625,RipeApple,RipeApple,False,saltandpepper_Screen Shot 2018-06-08 at 5.24.04 PM.png,Screen Shot 2018-06-08 at 5.24.04 PM.png
1,1.2301814314021597,RottenApple,RottenApple,False,saltandpepper_Screen Shot 2018-06-07 at 2.24.59 PM.png,Screen Shot 2018-06-07 at 2.24.59 PM.png
1,1.2303137303143454,RipeApple,RipeApple,False,saltandpepper_Screen Shot 2018-06-08 at 5.17.34 PM.png,Screen Shot 2018-06-08 at 5.17.34 PM.png
1,1.2334846472494094,RipeApple,RipeApple,False,saltandpepper_Screen Shot 2018-06-08 at 5.25.37 PM.png,Screen Shot 2018-06-08 at 5.25.37 PM.png
1,1.2336165919090636,RottenApple,RottenApple,False,saltandpepper_Screen Shot 2018-06-08 at 2.38.33 PM.png,Screen Shot 2018-06-08 at 2.38.33 PM.png
1,1.235725790443279,RipeApple,RipeApple,False,saltandpepper_Screen Shot 2018-06-08 at 5.13.10 PM.png,Screen Shot 2018-06-08 at 5.13.10 PM.png
1,1.2358574958303243,RipeApple,RipeApple,False,saltandpepper_Screen Shot 2018-06-08 at 5.19.28 PM.png,Screen Shot 2018-06-08 at 5.19.28 PM.png
1,1.2379628763954649,RipeApple,RipeApple,False,saltandpepper_Screen Shot 2018-06-08 at 5.19.15 PM.png,Screen Shot 2018-06-08 at 5.19.15 PM.png
1,1.239014225099938,RottenApple,RottenApple,False,saltandpepper_Screen Shot 2018-06-07 at 2.50.09 PM.png,Screen Shot 2018-06-07 at 2.50.09 PM.png
1,1.2443884458506784,RottenApple,RottenApple,False,saltandpepper_Screen Shot 2018-06-07 at 2.58.57 PM.png,Screen Shot 2018-06-07 at 2.58.57 PM.png
1,1.2459570033378626,RipeApple,RipeApple,False,saltandpepper_Screen Shot 2018-06-08 at 5.20.08 PM.png,Screen Shot 2018-06-08 at 5.20.08 PM.png
1,1.2607609722570994,RottenApple,RottenApple,False,saltandpepper_Screen Shot 2018-06-08 at 2.41.39 PM.png,Screen Shot 2018-06-08 at 2.41.39 PM.png
1,1.265399928546966,RipeApple,RipeApple,False,saltandpepper_Screen Shot 2018-06-08 at 5.02.08 PM.png,Screen Shot 2018-06-08 at 5.02.08 PM.png
1,1.265785740821355,RottenApple,RottenApple,False,saltandpepper_Screen Shot 2018-06-08 at 2.31.45 PM.png,Screen Shot 2018-06-08 at 2.31.45 PM.png
1,1.2741163195851992,RottenApple,RottenApple,False,saltandpepper_Screen Shot 2018-06-08 at 2.39.21 PM.png,Screen Shot 2018-06-08 at 2.39.21 PM.png
1,1.2743717815064801,RottenApple,RottenApple,False,saltandpepper_Screen Shot 2018-06-07 at 2.37.01 PM.png,Screen Shot 2018-06-07 at 2.37.01 PM.png
1,1.276541143742209,RipeApple,RipeApple,False,saltandpepper_Screen Shot 2018-06-08 at 5.11.41 PM.png,Screen Shot 2018-06-08 at 5.11.41 PM.png
1,1.2836613487728503,RipeApple,RipeApple,False,saltandpepper_Screen Shot 2018-06-08 at 5.15.39 PM.png,Screen Shot 2018-06-08 at 5.15.39 PM.png
1,1.2837881364020571,RottenApple,RottenApple,False,saltandpepper_Screen Shot 2018-06-08 at 2.46.44 PM.png,Screen Shot 2018-06-08 at 2.46.44 PM.png
1,1.284168424182228,RottenApple,RottenApple,False,saltandpepper_Screen Shot 2018-06-07 at 2.52.22 PM.png,Screen Shot 2018-06-07 at 2.52.22 PM.png
1,1.2912465714701176,RottenApple,RottenApple,False,saltandpepper_Screen Shot 2018-06-08 at 2.38.47 PM.png,Screen Shot 2018-06-08 at 2.38.47 PM.png
1,1.2982861298650619,RipeApple,RipeApple,False,saltandpepper_Screen Shot 2018-06-08 at 5.18.26 PM.png,Screen Shot 2018-06-08 at 5.18.26 PM.png
1,1.2994139303932368,RottenApple,RottenApple,False,saltandpepper_Screen Shot 2018-06-08 at 2.40.13 PM.png,Screen Shot 2018-06-08 at 2.40.13 PM.png
1,1.3002904323009277,RottenApple,RottenApple,False,saltandpepper_Screen Shot 2018-06-07 at 2.39.26 PM.png,Screen Shot 2018-06-07 at 2.39.26 PM.png
1,1.310886905559235,RipeApple,RipeApple,False,saltandpepper_Screen Shot 2018-06-08 at 5.33.18 PM.png,Screen Shot 2018-06-08 at 5.33.18 PM.png
1,1.338288319085241,RipeApple,RipeApple,False,saltandpepper_Screen Shot 2018-06-08 at 5.04.11 PM.png,Screen Shot 2018-06-08 at 5.04.11 PM.png
1,1.3416893114031032,RottenApple,RottenApple,False,saltandpepper_Screen Shot 2018-06-07 at 2.45.44 PM.png,Screen Shot 2018-06-07 at 2.45.44 PM.png
1,1.353525489231732,RottenApple,RottenApple,False,saltandpepper_Screen Shot 2018-06-07 at 2.45.18 PM.png,Screen Shot 2018-06-07 at 2.45.18 PM.png
1,1.36978176485648,RottenApple,RottenApple,False,saltandpepper_Screen Shot 2018-06-08 at 2.50.55 PM.png,Screen Shot 2018-06-08 at 2.50.55 PM.png
1,1.3707320124663318,RottenApple,RottenApple,False,saltandpepper_Screen Shot 2018-06-08 at 2.40.46 PM.png,Screen Shot 2018-06-08 at 2.40.46 PM.png
1,1.404860424561814,RottenApple,RottenApple,False,saltandpepper_Screen Shot 2018-06-08 at 2.50.22 PM.png,Screen Shot 2018-06-08 at 2.50.22 PM.png
1,1.4439393815184902,RipeApple,RipeApple,False,saltandpepper_Screen Shot 2018-06-08 at 5.14.48 PM.png,Screen Shot 2018-06-08 at 5.14.48 PM.png
1,1.4716283852136947,RottenApple,RottenApple,False,saltandpepper_Screen Shot 2018-06-07 at 2.37.20 PM.png,Screen Shot 2018-06-07 at 2.37.20 PM.png
1,1.49500034838346,RottenApple,RottenApple,False,saltandpepper_Screen Shot 2018-06-08 at 2.42.52 PM.png,Screen Shot 2018-06-08 at 2.42.52 PM.png
1,1.5002169981928168,RottenApple,RottenApple,False,saltandpepper_Screen Shot 2018-06-08 at 2.28.12 PM.png,Screen Shot 2018-06-08 at 2.28.12 PM.png
1,1.5853537000198619,RipeApple,RipeApple,False,saltandpepper_Screen Shot 2018-06-08 at 5.18.16 PM.png,Screen Shot 2018-06-08 at 5.18.16 PM.png
1,1.811691630079468,RottenApple,RottenApple,False,saltandpepper_Screen Shot 2018-06-07 at 2.37.43 PM.png,Screen Shot 2018-06-07 at 2.37.43 PM.png
1,1.8492150643358567,RottenApple,RottenApple,False,saltandpepper_Screen Shot 2018-06-08 at 2.36.18 PM.png,Screen Shot 2018-06-08 at 2.36.18 PM.png
1,1.9000925141950327,RipeApple,RipeApple,False,saltandpepper_Screen Shot 2018-06-08 at 5.26.47 PM.png,Screen Shot 2018-06-08 at 5.26.47 PM.png
1,2.217575980472071,RipeApple,RipeApple,False,saltandpepper_Screen Shot 2018-06-08 at 5.06.33 PM.png,Screen Shot 2018-06-08 at 5.06.33 PM.png
1,2.4252496649829682,RipeApple,RipeApple,False,saltandpepper_Screen Shot 2018-06-08 at 5.28.32 PM.png,Screen Shot 2018-06-08 at 5.28.32 PM.png
1,2.4998697882756478,RipeApple,RipeApple,False,saltandpepper_Screen Shot 2018-06-08 at 5.28.15 PM.png,Screen Shot 2018-06-08 at 5.28.15 PM.png
1,2.54170935756497,RipeApple,RipeApple,False,saltandpepper_Screen Shot 2018-06-08 at 5.28.38 PM.png,Screen Shot 2018-06-08 at 5.28.38 PM.png
1,5.648677020624682,RipeApple,RipeApple,False,vertical_flip_Screen Shot 2018-06-08 at 5.00.12 PM.png,vertical_flip_Screen Shot 2018-06-08 at 5.10.11 PM.png
2,0.9834238129277394,RottenApple,RottenApple,False,saltandpepper_Screen Shot 2018-06-07 at 3.05.29 PM.png,Screen Shot 2018-06-07 at 3.05.29 PM.png
2,0.9977187521207234,RottenApple,RottenApple,False,saltandpepper_Screen Shot 2018-06-07 at 2.25.26 PM.png,Screen Shot 2018-06-07 at 2.25.26 PM.png
2,1.013419078746136,RipeApple,RipeApple,False,saltandpepper_Screen Shot 2018-06-08 at 5.27.49 PM.png,Screen Shot 2018-06-08 at 5.27.49 PM.png
2,1.0137402383418217,RottenApple,RottenApple,False,saltandpepper_Screen Shot 2018-06-07 at 2.38.04 PM.png,Screen Shot 2018-06-07 at 2.38.04 PM.png
2,1.021258414898012,RipeApple,RipeApple,False,saltandpepper_Screen Shot 2018-06-08 at 5.06.40 PM.png,Screen Shot 2018-06-08 at 5.06.40 PM.png
2,1.0433320021290762,RottenApple,RottenApple,False,saltandpepper_Screen Shot 2018-06-07 at 3.02.18 PM.png,Screen Shot 2018-06-07 at 3.02.18 PM.png
2,1.0578944299881723,RipeApple,RipeApple,False,saltandpepper_Screen Shot 2018-06-08 at 5.20.32 PM.png,Screen Shot 2018-06-08 at 5.20.32 PM.png
2,1.0865836656696068,RipeApple,RipeApple,False,saltandpepper_Screen Shot 2018-06-08 at 5.05.48 PM.png,Screen Shot 2018-06-08 at 5.05.48 PM.png
2,1.087332362558324,RottenApple,RottenApple,False,saltandpepper_Screen Shot 2018-06-07 at 3.05.46 PM.png,Screen Shot 2018-06-07 at 3.05.46 PM.png
2,1.1157023199163236,RottenApple,RottenApple,False,saltandpepper_Screen Shot 2018-06-08 at 2.52.20 PM.png,Screen Shot 2018-06-08 at 2.52.20 PM.png
2,1.1283226396588286,RottenApple,RottenApple,False,saltandpepper_Screen Shot 2018-06-08 at 2.26.34 PM.png,Screen Shot 2018-06-08 at 2.26.34 PM.png
2,1.1288994917617776,RottenApple,RottenApple,False,saltandpepper_Screen Shot 2018-06-07 at 2.35.21 PM.png,Screen Shot 2018-06-07 at 2.35.21 PM.png
2,1.129187807305174,RottenApple,RottenApple,False,saltandpepper_Screen Shot 2018-06-07 at 2.47.35 PM.png,Screen Shot 2018-06-07 at 2.47.35 PM.png
2,1.1450755069717746,RottenApple,RottenApple,False,saltandpepper_Screen Shot 2018-06-08 at 2.42.22 PM.png,Screen Shot 2018-06-08 at 2.42.22 PM.png
2,1.1508884701974094,RipeApple,RipeApple,False,saltandpepper_Screen Shot 2018-06-08 at 5.02.24 PM.png,Screen Shot 2018-06-08 at 5.02.24 PM.png
2,1.1523018177398952,RipeApple,RipeApple,False,saltandpepper_Screen Shot 2018-06-08 at 5.23.07 PM.png,Screen Shot 2018-06-08 at 5.23.07 PM.png
2,1.1523018177398952,RottenApple,RottenApple,False,saltandpepper_Screen Shot 2018-06-07 at 2.41.23 PM.png,Screen Shot 2018-06-07 at 2.41.23 PM.png
2,1.1773137680046613,RottenApple,RottenApple,False,saltandpepper_Screen Shot 2018-06-07 at 3.03.38 PM.png,Screen Shot 2018-06-07 at 3.03.38 PM.png
2,1.1813161357147375,RipeApple,RipeApple,False,saltandpepper_Screen Shot 2018-06-08 at 5.03.10 PM.png,Screen Shot 2018-06-08 at 5.03.10 PM.png
2,1.184205957593526,RottenApple,RottenApple,False,saltandpepper_Screen Shot 2018-06-07 at 2.59.38 PM.png,Screen Shot 2018-06-07 at 2.59.38 PM.png
2,1.1844808110166525,RottenApple,RottenApple,False,saltandpepper_Screen Shot 2018-06-07 at 2.42.25 PM.png,Screen Shot 2018-06-07 at 2.42.25 PM.png
2,1.187637053494599,RottenApple,RottenApple,False,saltandpepper_Screen Shot 2018-06-08 at 2.29.55 PM.png,Screen Shot 2018-06-08 at 2.29.55 PM.png
2,1.1887329126006396,RipeApple,RipeApple,False,saltandpepper_Screen Shot 2018-06-08 at 5.15.34 PM.png,Screen Shot 2018-06-08 at 5.15.34 PM.png
2,1.1892804634876222,RottenApple,RottenApple,False,saltandpepper_Screen Shot 2018-06-07 at 2.15.20 PM.png,Screen Shot 2018-06-07 at 2.15.20 PM.png
2,1.1895541444171425,RottenApple,RottenApple,False,saltandpepper_Screen Shot 2018-06-07 at 2.56.34 PM.png,Screen Shot 2018-06-07 at 2.56.34 PM.png
2,1.1921509796721779,RottenApple,RottenApple,False,saltandpepper_Screen Shot 2018-06-08 at 2.32.10 PM.png,Screen Shot 2018-06-08 at 2.32.10 PM.png
2,1.1989578808281798,RipeApple,RipeApple,False,saltandpepper_Screen Shot 2018-06-08 at 5.12.34 PM.png,Screen Shot 2018-06-08 at 5.12.34 PM.png
2,1.1992293532375977,RipeApple,RipeApple,False,saltandpepper_Screen Shot 2018-06-08 at 5.20.42 PM.png,Screen Shot 2018-06-08 at 5.20.42 PM.png
2,1.2012634407850207,RottenApple,RottenApple,False,saltandpepper_Screen Shot 2018-06-08 at 2.49.27 PM.png,Screen Shot 2018-06-08 at 2.49.27 PM.png
2,1.204375702732886,RottenApple,RottenApple,False,saltandpepper_Screen Shot 2018-06-07 at 3.04.41 PM.png,Screen Shot 2018-06-07 at 3.04.41 PM.png
2,1.2064011131598533,RottenApple,RottenApple,False,saltandpepper_Screen Shot 2018-06-08 at 2.29.33 PM.png,Screen Shot 2018-06-08 at 2.29.33 PM.png
2,1.2140668570277888,RottenApple,RottenApple,False,saltandpepper_Screen Shot 2018-06-08 at 2.44.54 PM.png,Screen Shot 2018-06-08 at 2.44.54 PM.png
2,1.2192840710159931,RottenApple,RottenApple,False,saltandpepper_Screen Shot 2018-06-08 at 2.47.09 PM.png,Screen Shot 2018-06-08 at 2.47.09 PM.png
2,1.2204848763230673,RipeApple,RipeApple,False,saltandpepper_Screen Shot 2018-06-08 at 5.09.10 PM.png,Screen Shot 2018-06-08 at 5.09.10 PM.png
2,1.2239472517228838,RipeApple,RipeApple,False,saltandpepper_Screen Shot 2018-06-08 at 5.27.13 PM.png,Screen Shot 2018-06-08 at 5.27.13 PM.png
2,1.228062710464467,RipeApple,RipeApple,False,saltandpepper_Screen Shot 2018-06-08 at 5.00.18 PM.png,Screen Shot 2018-06-08 at 5.00.18 PM.png
2,1.2334846472494094,RottenApple,RottenApple,False,saltandpepper_Screen Shot 2018-06-08 at 2.47.03 PM.png,Screen Shot 2018-06-08 at 2.47.03 PM.png
2,1.241638702145945,RottenApple,RottenApple,False,saltandpepper_Screen Shot 2018-06-08 at 2.33.04 PM.png,Screen Shot 2018-06-08 at 2.33.04 PM.png
2,1.2430798026809595,RottenApple,RottenApple,False,saltandpepper_Screen Shot 2018-06-07 at 2.55.52 PM.png,Screen Shot 2018-06-07 at 2.55.52 PM.png
2,1.243734296383275,RipeApple,RipeApple,False,saltandpepper_Screen Shot 2018-06-08 at 5.11.52 PM.png,Screen Shot 2018-06-08 at 5.11.52 PM.png
2,1.2455650491510537,RottenApple,RottenApple,False,saltandpepper_Screen Shot 2018-06-07 at 3.05.53 PM.png,Screen Shot 2018-06-07 at 3.05.53 PM.png
2,1.2468710839537502,RipeApple,RipeApple,False,saltandpepper_Screen Shot 2018-06-08 at 5.16.16 PM.png,Screen Shot 2018-06-08 at 5.16.16 PM.png
2,1.2550678517514502,RottenApple,RottenApple,False,saltandpepper_Screen Shot 2018-06-08 at 2.33.49 PM.png,Screen Shot 2018-06-08 at 2.33.49 PM.png
2,1.2562344526401112,RottenApple,RottenApple,False,saltandpepper_Screen Shot 2018-06-08 at 2.45.05 PM.png,Screen Shot 2018-06-08 at 2.45.05 PM.png
2,1.256752594321306,RottenApple,RottenApple,False,saltandpepper_Screen Shot 2018-06-07 at 2.40.00 PM.png,Screen Shot 2018-06-07 at 2.40.00 PM.png
2,1.265013998605022,RipeApple,RipeApple,False,saltandpepper_Screen Shot 2018-06-08 at 5.10.21 PM.png,Screen Shot 2018-06-08 at 5.10.21 PM.png
2,1.269124534209836,RottenApple,RottenApple,False,saltandpepper_Screen Shot 2018-06-07 at 2.16.41 PM.png,Screen Shot 2018-06-07 at 2.16.41 PM.png
2,1.2704063490343027,RipeApple,RipeApple,False,saltandpepper_Screen Shot 2018-06-08 at 5.26.24 PM.png,Screen Shot 2018-06-08 at 5.26.24 PM.png
2,1.2753931175001167,RottenApple,RottenApple,False,saltandpepper_Screen Shot 2018-06-07 at 2.56.57 PM.png,Screen Shot 2018-06-07 at 2.56.57 PM.png
2,1.278579534092424,RipeApple,RipeApple,False,saltandpepper_Screen Shot 2018-06-08 at 5.15.28 PM.png,Screen Shot 2018-06-08 at 5.15.28 PM.png
2,1.28188500524293,RottenApple,RottenApple,False,saltandpepper_Screen Shot 2018-06-07 at 2.33.38 PM.png,Screen Shot 2018-06-07 at 2.33.38 PM.png
2,1.2855618502558845,RottenApple,RottenApple,False,saltandpepper_Screen Shot 2018-06-08 at 2.41.54 PM.png,Screen Shot 2018-06-08 at 2.41.54 PM.png
2,1.301666599978658,RottenApple,RottenApple,False,saltandpepper_Screen Shot 2018-06-08 at 2.33.28 PM.png,Screen Shot 2018-06-08 at 2.33.28 PM.png
2,1.3069077291454052,RottenApple,RottenApple,False,saltandpepper_Screen Shot 2018-06-07 at 2.58.17 PM.png,Screen Shot 2018-06-07 at 2.58.17 PM.png
2,1.3079036582128925,RipeApple,RipeApple,False,saltandpepper_Screen Shot 2018-06-08 at 5.21.31 PM.png,Screen Shot 2018-06-08 at 5.21.31 PM.png
2,1.3093961314921725,RottenApple,RottenApple,False,saltandpepper_Screen Shot 2018-06-08 at 2.35.32 PM.png,Screen Shot 2018-06-08 at 2.35.32 PM.png
2,1.3122519606894605,RottenApple,RottenApple,False,saltandpepper_Screen Shot 2018-06-07 at 3.03.46 PM.png,Screen Shot 2018-06-07 at 3.03.46 PM.png
2,1.3393824369835525,RottenApple,RottenApple,False,saltandpepper_Screen Shot 2018-06-07 at 3.02.02 PM.png,Screen Shot 2018-06-07 at 3.02.02 PM.png
2,1.3497926152437887,RottenApple,RottenApple,False,saltandpepper_Screen Shot 2018-06-07 at 3.05.13 PM.png,Screen Shot 2018-06-07 at 3.05.13 PM.png
2,1.3645435744844012,RipeApple,RipeApple,False,saltandpepper_Screen Shot 2018-06-08 at 5.02.48 PM.png,Screen Shot 2018-06-08 at 5.02.48 PM.png
2,1.3746448404951732,RottenApple,RottenApple,False,saltandpepper_Screen Shot 2018-06-07 at 2.35.10 PM.png,Screen Shot 2018-06-07 at 2.35.10 PM.png
2,1.3793727816777208,RottenApple,RottenApple,False,saltandpepper_Screen Shot 2018-06-07 at 3.06.11 PM.png,Screen Shot 2018-06-07 at 3.06.11 PM.png
2,1.3888975694173178,RottenApple,RottenApple,False,saltandpepper_Screen Shot 2018-06-07 at 2.18.13 PM.png,Screen Shot 2018-06-07 at 2.18.13 PM.png
2,1.3998697856110285,RottenApple,RottenApple,False,saltandpepper_Screen Shot 2018-06-07 at 2.24.47 PM.png,Screen Shot 2018-06-07 at 2.24.47 PM.png
2,1.440327834499262,RipeApple,RipeApple,False,saltandpepper_Screen Shot 2018-06-08 at 5.33.05 PM.png,Screen Shot 2018-06-08 at 5.33.05 PM.png
2,1.5230434853717518,RottenApple,RottenApple,False,saltandpepper_Screen Shot 2018-06-07 at 3.02.51 PM.png,Screen Shot 2018-06-07 at 3.02.51 PM.png
2,1.5408922604560429,RottenApple,RottenApple,False,saltandpepper_Screen Shot 2018-06-07 at 2.54.58 PM.png,Screen Shot 2018-06-07 at 2.54.58 PM.png
2,1.5689450409962316,RottenApple,RottenApple,False,saltandpepper_Screen Shot 2018-06-07 at 2.50.43 PM.png,Screen Shot 2018-06-07 at 2.50.43 PM.png
2,1.5699820858850588,RipeApple,RipeApple,False,saltandpepper_Screen Shot 2018-06-08 at 5.25.22 PM.png,Screen Shot 2018-06-08 at 5.25.22 PM.png
2,1.5875082020785487,RottenApple,RottenApple,False,saltandpepper_Screen Shot 2018-06-08 at 2.32.42 PM.png,Screen Shot 2018-06-08 at 2.32.42 PM.png
2,1.5952811272625274,RipeApple,RipeApple,False,saltandpepper_Screen Shot 2018-06-08 at 5.33.33 PM.png,Screen Shot 2018-06-08 at 5.33.33 PM.png
2,1.6156582443388205,RottenApple,RottenApple,False,saltandpepper_Screen Shot 2018-06-08 at 2.41.16 PM.png,Screen Shot 2018-06-08 at 2.41.16 PM.png
2,1.6884642306940747,RipeApple,RipeApple,False,saltandpepper_Screen Shot 2018-06-08 at 5.26.52 PM.png,Screen Shot 2018-06-08 at 5.26.52 PM.png
2,1.7280995703373114,RipeApple,RipeApple,False,saltandpepper_Screen Shot 2018-06-08 at 5.26.41 PM.png,Screen Shot 2018-06-08 at 5.26.41 PM.png
2,1.9297560294849019,RipeApple,RipeApple,False,saltandpepper_Screen Shot 2018-06-08 at 5.10.29 PM.png,Screen Shot 2018-06-08 at 5.10.29 PM.png
2,1.9303463365848799,RipeApple,RipeApple,False,saltandpepper_Screen Shot 2018-06-08 at 5.08.58 PM.png,Screen Shot 2018-06-08 at 5.08.58 PM.png
2,1.9483900939835774,RipeApple,RipeApple,False,saltandpepper_Screen Shot 2018-06-08 at 5.22.20 PM.png,Screen Shot 2018-06-08 at 5.22.20 PM.png
2,1.9750230747597186,RottenApple,RottenApple,False,saltandpepper_Screen Shot 2018-06-08 at 2.36.31 PM.png,Screen Shot 2018-06-08 at 2.36.31 PM.png
2,1.9990231989649345,RipeApple,RipeApple,False,saltandpepper_Screen Shot 2018-06-08 at 5.10.53 PM.png,Screen Shot 2018-06-08 at 5.10.53 PM.png
2,2.019597990112554,RipeApple,RipeApple,False,saltandpepper_Screen Shot 2018-06-08 at 5.05.18 PM.png,Screen Shot 2018-06-08 at 5.05.18 PM.png
2,2.0761072597933534,RipeApple,RipeApple,False,saltandpepper_Screen Shot 2018-06-08 at 5.22.27 PM.png,Screen Shot 2018-06-08 at 5.22.27 PM.png
2,2.0815096184420256,RipeApple,RipeApple,False,saltandpepper_Screen Shot 2018-06-08 at 5.21.56 PM.png,Screen Shot 2018-06-08 at 5.21.56 PM.png
2,2.1200923722014253,RipeApple,RipeApple,False,saltandpepper_Screen Shot 2018-06-08 at 5.28.48 PM.png,Screen Shot 2018-06-08 at 5.28.48 PM.png
2,2.165063509461097,RipeApple,RipeApple,False,saltandpepper_Screen Shot 2018-06-08 at 5.05.12 PM.png,Screen Shot 2018-06-08 at 5.05.12 PM.png
2,2.191068517869763,RipeApple,RipeApple,False,saltandpepper_Screen Shot 2018-06-08 at 5.06.23 PM.png,Screen Shot 2018-06-08 at 5.06.23 PM.png
2,2.3204396359670008,RipeApple,RipeApple,False,saltandpepper_Screen Shot 2018-06-08 at 5.22.35 PM.png,Screen Shot 2018-06-08 at 5.22.35 PM.png
2,2.5144763164192527,RipeApple,RipeApple,False,saltandpepper_Screen Shot 2018-06-08 at 5.04.59 PM.png,Screen Shot 2018-06-08 at 5.04.59 PM.png
2,5.328193731228248,RottenApple,RottenApple,False,vertical_flip_Screen Shot 2018-06-07 at 2.41.32 PM.png,vertical_flip_Screen Shot 2018-06-07 at 2.42.25 PM.png
2,5.423953432076398,RottenApple,RottenApple,False,translation_Screen Shot 2018-06-07 at 2.41.32 PM.png,translation_Screen Shot 2018-06-07 at 2.42.25 PM.png
2,5.494581848284726,RottenApple,RottenApple,False,saltandpepper_Screen Shot 2018-06-07 at 2.42.25 PM.png,Screen Shot 2018-06-07 at 2.41.32 PM.png
3,1.09181376235449,RottenApple,RottenApple,False,saltandpepper_Screen Shot 2018-06-07 at 2.47.01 PM.png,Screen Shot 2018-06-07 at 2.47.01 PM.png
3,1.1440800980846286,RottenApple,RottenApple,False,saltandpepper_Screen Shot 2018-06-07 at 3.04.24 PM.png,Screen Shot 2018-06-07 at 3.04.24 PM.png
3,1.1493317804997245,RipeApple,RipeApple,False,saltandpepper_Screen Shot 2018-06-08 at 5.12.29 PM.png,Screen Shot 2018-06-08 at 5.12.29 PM.png
3,1.1705200500205026,RottenApple,RottenApple,False,saltandpepper_Screen Shot 2018-06-07 at 3.00.56 PM.png,Screen Shot 2018-06-07 at 3.00.56 PM.png
3,1.1757920645958906,RottenApple,RottenApple,False,saltandpepper_Screen Shot 2018-06-08 at 2.36.43 PM.png,Screen Shot 2018-06-08 at 2.36.43 PM.png
3,1.183105905375057,RipeApple,RipeApple,False,saltandpepper_Screen Shot 2018-06-08 at 5.02.31 PM.png,Screen Shot 2018-06-08 at 5.02.31 PM.png
3,1.1854422961494162,RottenApple,RottenApple,False,saltandpepper_Screen Shot 2018-06-07 at 2.22.00 PM.png,Screen Shot 2018-06-07 at 2.22.00 PM.png
3,1.1984147515224715,RottenApple,RottenApple,False,saltandpepper_Screen Shot 2018-06-08 at 2.41.44 PM.png,Screen Shot 2018-06-08 at 2.41.44 PM.png
3,1.235067052835594,RipeApple,RipeApple,False,saltandpepper_Screen Shot 2018-06-08 at 5.26.36 PM.png,Screen Shot 2018-06-08 at 5.26.36 PM.png
3,1.2498697848842761,RottenApple,RottenApple,False,saltandpepper_Screen Shot 2018-06-07 at 2.31.43 PM.png,Screen Shot 2018-06-07 at 2.31.43 PM.png
3,1.257141060435675,RipeApple,RipeApple,False,saltandpepper_Screen Shot 2018-06-08 at 5.01.29 PM.png,Screen Shot 2018-06-08 at 5.01.29 PM.png
3,1.269637415432716,RipeApple,RipeApple,False,saltandpepper_Screen Shot 2018-06-08 at 5.33.27 PM.png,Screen Shot 2018-06-08 at 5.33.27 PM.png
3,1.278579534092424,RottenApple,RottenApple,False,saltandpepper_Screen Shot 2018-06-08 at 2.35.03 PM.png,Screen Shot 2018-06-08 at 2.35.03 PM.png
3,1.280995909764482,RottenApple,RottenApple,False,saltandpepper_Screen Shot 2018-06-07 at 3.06.51 PM.png,Screen Shot 2018-06-07 at 3.06.51 PM.png
3,1.282900359861721,RottenApple,RottenApple,False,saltandpepper_Screen Shot 2018-06-07 at 2.50.31 PM.png,Screen Shot 2018-06-07 at 2.50.31 PM.png
3,1.2964042820432213,RottenApple,RottenApple,False,saltandpepper_Screen Shot 2018-06-07 at 2.57.42 PM.png,Screen Shot 2018-06-07 at 2.57.42 PM.png
3,1.3052877237094764,RipeApple,RipeApple,False,saltandpepper_Screen Shot 2018-06-08 at 5.06.10 PM.png,Screen Shot 2018-06-08 at 5.06.10 PM.png
3,1.3117557413634597,RottenApple,RottenApple,False,saltandpepper_Screen Shot 2018-06-07 at 2.44.59 PM.png,Screen Shot 2018-06-07 at 2.44.59 PM.png
3,1.3196728603458256,RottenApple,RottenApple,False,saltandpepper_Screen Shot 2018-06-07 at 2.54.49 PM.png,Screen Shot 2018-06-07 at 2.54.49 PM.png
3,1.3351224975010096,RipeApple,RipeApple,False,saltandpepper_Screen Shot 2018-06-08 at 5.02.54 PM.png,Screen Shot 2018-06-08 at 5.02.54 PM.png
3,1.4049762750072805,RottenApple,RottenApple,False,saltandpepper_Screen Shot 2018-06-07 at 3.04.35 PM.png,Screen Shot 2018-06-07 at 3.04.35 PM.png
3,1.4615292362225716,RottenApple,RottenApple,False,saltandpepper_Screen Shot 2018-06-07 at 2.52.00 PM.png,Screen Shot 2018-06-07 at 2.52.00 PM.png
3,1.4742803682362005,RottenApple,RottenApple,False,saltandpepper_Screen Shot 2018-06-07 at 2.23.40 PM.png,Screen Shot 2018-06-07 at 2.23.40 PM.png
3,1.5031434077181947,RottenApple,RottenApple,False,saltandpepper_Screen Shot 2018-06-07 at 3.03.21 PM.png,Screen Shot 2018-06-07 at 3.03.21 PM.png
3,1.5466908560428831,RottenApple,RottenApple,False,saltandpepper_Screen Shot 2018-06-08 at 2.47.54 PM.png,Screen Shot 2018-06-08 at 2.47.54 PM.png
3,1.5818592370477638,RottenApple,RottenApple,False,saltandpepper_Screen Shot 2018-06-08 at 2.51.55 PM.png,Screen Shot 2018-06-08 at 2.51.55 PM.png
3,1.6067687229861884,RottenApple,RottenApple,False,saltandpepper_Screen Shot 2018-06-07 at 3.01.21 PM.png,Screen Shot 2018-06-07 at 3.01.21 PM.png
3,1.6126332309300835,RottenApple,RottenApple,False,saltandpepper_Screen Shot 2018-06-07 at 2.45.35 PM.png,Screen Shot 2018-06-07 at 2.45.35 PM.png
3,1.7388970702239204,RipeApple,RipeApple,False,saltandpepper_Screen Shot 2018-06-08 at 5.08.52 PM.png,Screen Shot 2018-06-08 at 5.08.52 PM.png
3,1.7552933337479522,RottenApple,RottenApple,False,saltandpepper_Screen Shot 2018-06-07 at 2.36.21 PM.png,Screen Shot 2018-06-07 at 2.36.21 PM.png
3,1.8878035076070108,RottenApple,RottenApple,False,saltandpepper_Screen Shot 2018-06-07 at 2.45.09 PM.png,Screen Shot 2018-06-07 at 2.45.09 PM.png
3,2.1730175352107337,RipeApple,RipeApple,False,saltandpepper_Screen Shot 2018-06-08 at 5.29.24 PM.png,Screen Shot 2018-06-08 at 5.29.24 PM.png
3,2.229653373658486,RipeApple,RipeApple,False,saltandpepper_Screen Shot 2018-06-08 at 5.23.23 PM.png,Screen Shot 2018-06-08 at 5.23.23 PM.png
3,2.284600849528571,RipeApple,RipeApple,False,saltandpepper_Screen Shot 2018-06-08 at 5.28.42 PM.png,Screen Shot 2018-06-08 at 5.28.42 PM.png
3,2.6480879501381116,RipeApple,RipeApple,False,saltandpepper_Screen Shot 2018-06-08 at 5.06.28 PM.png,Screen Shot 2018-06-08 at 5.06.28 PM.png
4,1.185167665705293,RottenApple,RottenApple,False,saltandpepper_Screen Shot 2018-06-08 at 2.40.56 PM.png,Screen Shot 2018-06-08 at 2.40.56 PM.png
4,1.1905115322134991,RottenApple,RottenApple,False,saltandpepper_Screen Shot 2018-06-08 at 2.24.31 PM.png,Screen Shot 2018-06-08 at 2.24.31 PM.png
4,1.2099037926628713,RottenApple,RottenApple,False,saltandpepper_Screen Shot 2018-06-08 at 2.48.52 PM.png,Screen Shot 2018-06-08 at 2.48.52 PM.png
4,1.212725494495766,RottenApple,RottenApple,False,saltandpepper_Screen Shot 2018-06-08 at 2.52.43 PM.png,Screen Shot 2018-06-08 at 2.52.43 PM.png
4,1.2541597452743676,RottenApple,RottenApple,False,saltandpepper_Screen Shot 2018-06-07 at 2.24.02 PM.png,Screen Shot 2018-06-07 at 2.24.02 PM.png
4,1.4030055164419941,RottenApple,RottenApple,False,saltandpepper_Screen Shot 2018-06-07 at 3.03.58 PM.png,Screen Shot 2018-06-07 at 3.03.58 PM.png
4,1.4065971793658625,RipeApple,RipeApple,False,saltandpepper_Screen Shot 2018-06-08 at 5.14.20 PM.png,Screen Shot 2018-06-08 at 5.14.20 PM.png
4,1.4617519454408126,RottenApple,RottenApple,False,saltandpepper_Screen Shot 2018-06-08 at 2.31.33 PM.png,Screen Shot 2018-06-08 at 2.31.33 PM.png
4,1.5235777179061132,RottenApple,RottenApple,False,saltandpepper_Screen Shot 2018-06-07 at 2.46.12 PM.png,Screen Shot 2018-06-07 at 2.46.12 PM.png
4,1.6007810593582121,RottenApple,RottenApple,False,saltandpepper_Screen Shot 2018-06-07 at 2.25.16 PM.png,Screen Shot 2018-06-07 at 2.25.16 PM.png
4,1.6229955586301934,RottenApple,RottenApple,False,saltandpepper_Screen Shot 2018-06-07 at 2.23.02 PM.png,Screen Shot 2018-06-07 at 2.23.02 PM.png
4,1.686438709480227,RottenApple,RottenApple,False,saltandpepper_Screen Shot 2018-06-08 at 2.39.35 PM.png,Screen Shot 2018-06-08 at 2.39.35 PM.png
4,2.3518609652783473,RipeApple,RipeApple,False,saltandpepper_Screen Shot 2018-06-08 at 5.23.26 PM.png,Screen Shot 2018-06-08 at 5.23.26 PM.png
4,2.3964899462547304,RipeApple,RipeApple,False,saltandpepper_Screen Shot 2018-06-08 at 5.22.15 PM.png,Screen Shot 2018-06-08 at 5.22.15 PM.png
4,2.4334234072940673,RipeApple,RipeApple,False,saltandpepper_Screen Shot 2018-06-08 at 5.06.19 PM.png,Screen Shot 2018-06-08 at 5.06.19 PM.png
5,1.254808459819001,RipeApple,RipeApple,False,saltandpepper_Screen Shot 2018-06-08 at 5.14.44 PM.png,Screen Shot 2018-06-08 at 5.14.44 PM.png
5,1.291750669311484,RottenApple,RottenApple,False,saltandpepper_Screen Shot 2018-06-08 at 2.40.38 PM.png,Screen Shot 2018-06-08 at 2.40.38 PM.png
5,1.429324578253659,RottenApple,RottenApple,False,saltandpepper_Screen Shot 2018-06-07 at 2.58.47 PM.png,Screen Shot 2018-06-07 at 2.58.47 PM.png
5,1.4910758839397364,RottenApple,RottenApple,False,saltandpepper_Screen Shot 2018-06-07 at 2.42.58 PM.png,Screen Shot 2018-06-07 at 2.42.58 PM.png
